0 verbose cli C:\Program Files\nodejs\node.exe C:\Program Files\nodejs\node_modules\npm\bin\npm-cli.js
1 info using npm@10.2.4
2 info using node@v20.11.0
3 timing npm:load:whichnode Completed in 3ms
4 timing config:load:defaults Completed in 4ms
5 timing config:load:file:C:\Program Files\nodejs\node_modules\npm\npmrc Completed in 8ms
6 timing config:load:builtin Completed in 8ms
7 timing config:load:cli Completed in 3ms
8 timing config:load:env Completed in 0ms
9 timing config:load:file:C:\Users\Nishant Mishra\IdeaProjects\QueryStack\QueryStack-FE\.npmrc Completed in 1ms
10 timing config:load:project Completed in 3ms
11 timing config:load:file:C:\Users\Nishant Mishra\.npmrc Completed in 0ms
12 timing config:load:user Completed in 0ms
13 timing config:load:file:C:\Users\Nishant Mishra\AppData\Roaming\npm\etc\npmrc Completed in 1ms
14 timing config:load:global Completed in 1ms
15 timing config:load:setEnvs Completed in 1ms
16 timing config:load Completed in 22ms
17 timing npm:load:configload Completed in 22ms
18 timing config:load:flatten Completed in 6ms
19 timing npm:load:mkdirpcache Completed in 86ms
20 timing npm:load:mkdirplogs Completed in 1ms
21 verbose title npm install
22 verbose argv "install" "--cache" ".npm-cache"
23 timing npm:load:setTitle Completed in 1ms
24 timing npm:load:display Completed in 1ms
25 verbose logfile logs-max:10 dir:C:\Users\Nishant Mishra\IdeaProjects\QueryStack\QueryStack-FE\.npm-cache\_logs\2026-06-25T09_35_25_268Z-
26 verbose logfile C:\Users\Nishant Mishra\IdeaProjects\QueryStack\QueryStack-FE\.npm-cache\_logs\2026-06-25T09_35_25_268Z-debug-0.log
27 timing npm:load:logFile Completed in 337ms
28 timing npm:load:timers Completed in 0ms
29 timing npm:load:configScope Completed in 0ms
30 timing npm:load Completed in 581ms
31 timing arborist:ctor Completed in 1ms
32 silly logfile done cleaning log files
33 timing arborist:ctor Completed in 1ms
34 timing idealTree:init Completed in 312ms
35 timing idealTree:userRequests Completed in 0ms
36 silly idealTree buildDeps
37 silly fetch manifest @emotion/react@^11.11.4
38 http fetch GET 200 https://registry.npmjs.org/@emotion%2freact 1983ms (cache miss)
39 silly fetch manifest react@^18.3.1
40 http fetch GET 200 https://registry.npmjs.org/react 957ms (cache miss)
41 silly fetch manifest @emotion/styled@^11.11.5
42 http fetch GET 200 https://registry.npmjs.org/@emotion%2fstyled 499ms (cache miss)
43 silly fetch manifest @fontsource/inter@^5.0.18
44 http fetch GET 200 https://registry.npmjs.org/npm 4316ms (cache miss)
45 http fetch GET 200 https://registry.npmjs.org/@fontsource%2finter 618ms (cache miss)
46 silly fetch manifest @mui/icons-material@^5.15.20
47 http fetch GET 200 https://registry.npmjs.org/@mui%2ficons-material 160ms (cache miss)
48 silly fetch manifest @mui/material@^5.15.20
49 http fetch GET 200 https://registry.npmjs.org/@mui%2fmaterial 923ms (cache miss)
50 silly fetch manifest @types/react@^17.0.0 || ^18.0.0 || ^19.0.0
51 http fetch GET 200 https://registry.npmjs.org/@types%2freact 109ms (cache miss)
52 silly fetch manifest react-dom@^18.3.1
53 http fetch GET 200 https://registry.npmjs.org/react-dom 190ms (cache miss)
54 silly fetch manifest @vitejs/plugin-react@^4.3.1
55 http fetch GET 200 https://registry.npmjs.org/@vitejs%2fplugin-react 80ms (cache miss)
56 silly fetch manifest vite@^5.3.1
57 http fetch GET 200 https://registry.npmjs.org/vite 176ms (cache miss)
58 silly fetch manifest @types/node@^18.0.0 || >=20.0.0
59 http fetch GET 200 https://registry.npmjs.org/@types%2fnode 629ms (cache miss)
60 silly fetch manifest less@*
61 http fetch GET 200 https://registry.npmjs.org/less 216ms (cache miss)
62 silly fetch manifest lightningcss@^1.21.0
63 http fetch GET 200 https://registry.npmjs.org/lightningcss 410ms (cache miss)
64 silly fetch manifest sass@*
65 http fetch GET 200 https://registry.npmjs.org/sass 72ms (cache miss)
66 silly fetch manifest sass-embedded@*
67 http fetch GET 200 https://registry.npmjs.org/sass-embedded 65ms (cache miss)
68 silly fetch manifest stylus@*
69 http fetch GET 200 https://registry.npmjs.org/stylus 54ms (cache miss)
70 silly fetch manifest sugarss@*
71 http fetch GET 200 https://registry.npmjs.org/sugarss 52ms (cache miss)
72 silly fetch manifest postcss@^8.3.3
73 http fetch GET 200 https://registry.npmjs.org/postcss 56ms (cache miss)
74 silly fetch manifest terser@^5.4.0
75 http fetch GET 200 https://registry.npmjs.org/terser 68ms (cache miss)
76 silly fetch manifest eslint@^8.57.0
77 http fetch GET 200 https://registry.npmjs.org/eslint 87ms (cache miss)
78 silly fetch manifest eslint-plugin-react@^7.34.2
79 http fetch GET 200 https://registry.npmjs.org/eslint-plugin-react 99ms (cache miss)
80 silly fetch manifest eslint-plugin-react-hooks@^4.6.2
81 http fetch GET 200 https://registry.npmjs.org/eslint-plugin-react-hooks 234ms (cache miss)
82 silly fetch manifest eslint-plugin-react-refresh@^0.4.7
83 http fetch GET 200 https://registry.npmjs.org/eslint-plugin-react-refresh 63ms (cache miss)
84 silly placeDep ROOT @emotion/react@11.14.0 OK for: querystack-fe@0.1.0 want: ^11.11.4
85 silly placeDep ROOT react@18.3.1 OK for: @emotion/react@11.14.0 want: >=16.8.0
86 silly fetch manifest @babel/runtime@^7.18.3
87 silly fetch manifest @emotion/cache@^11.14.0
88 silly fetch manifest @emotion/utils@^1.4.2
89 silly fetch manifest @emotion/serialize@^1.3.3
90 silly fetch manifest @emotion/babel-plugin@^11.13.5
91 silly fetch manifest @emotion/weak-memoize@^0.4.0
92 silly fetch manifest hoist-non-react-statics@^3.3.1
93 silly fetch manifest @emotion/use-insertion-effect-with-fallbacks@^1.2.0
94 silly fetch manifest loose-envify@^1.1.0
95 silly placeDep ROOT @emotion/styled@11.14.1 OK for: querystack-fe@0.1.0 want: ^11.11.5
96 silly fetch manifest @emotion/is-prop-valid@^1.3.0
97 silly placeDep ROOT @fontsource/inter@5.2.8 OK for: querystack-fe@0.1.0 want: ^5.0.18
98 silly placeDep ROOT @mui/icons-material@5.18.0 OK for: querystack-fe@0.1.0 want: ^5.15.20
99 silly placeDep ROOT @mui/material@5.18.0 OK for: @mui/icons-material@5.18.0 want: ^5.0.0
100 silly placeDep ROOT react-dom@18.3.1 OK for: @mui/material@5.18.0 want: ^17.0.0 || ^18.0.0 || ^19.0.0
101 silly fetch manifest @babel/runtime@^7.23.9
102 silly fetch manifest clsx@^2.1.0
103 silly fetch manifest csstype@^3.1.3
104 silly fetch manifest react-is@^19.0.0
105 silly fetch manifest @mui/types@~7.2.15
106 silly fetch manifest @mui/utils@^5.17.1
107 silly fetch manifest prop-types@^15.8.1
108 silly fetch manifest @mui/system@^5.18.0
109 silly fetch manifest @popperjs/core@^2.11.8
110 silly fetch manifest react-transition-group@^4.4.5
111 silly fetch manifest @mui/core-downloads-tracker@^5.18.0
112 silly fetch manifest @types/react-transition-group@^4.4.10
113 silly fetch manifest scheduler@^0.23.2
114 silly placeDep ROOT @vitejs/plugin-react@4.7.0 OK for: querystack-fe@0.1.0 want: ^4.3.1
115 silly placeDep ROOT vite@5.4.21 OK for: @vitejs/plugin-react@4.7.0 want: ^4.2.0 || ^5.0.0 || ^6.0.0 || ^7.0.0
116 silly fetch manifest @babel/core@^7.28.0
117 silly fetch manifest react-refresh@^0.17.0
118 silly fetch manifest @types/babel__core@^7.20.5
119 silly fetch manifest @rolldown/pluginutils@1.0.0-beta.27
120 silly fetch manifest @babel/plugin-transform-react-jsx-self@^7.27.1
121 silly fetch manifest @babel/plugin-transform-react-jsx-source@^7.27.1
122 silly fetch manifest rollup@^4.20.0
123 silly fetch manifest esbuild@^0.21.3
124 silly fetch manifest postcss@^8.4.43
125 silly fetch manifest fsevents@~2.3.3
126 silly placeDep ROOT eslint@8.57.1 OK for: querystack-fe@0.1.0 want: ^8.57.0
127 silly fetch manifest ajv@^6.12.4
128 silly fetch manifest levn@^0.4.1
129 silly fetch manifest chalk@^4.0.0
130 silly fetch manifest debug@^4.3.2
131 silly fetch manifest espree@^9.6.1
132 silly fetch manifest ignore@^5.2.0
133 silly fetch manifest esquery@^1.4.2
134 silly fetch manifest esutils@^2.0.2
135 silly fetch manifest find-up@^5.0.0
136 silly fetch manifest globals@^13.19.0
137 silly fetch manifest is-glob@^4.0.0
138 silly fetch manifest js-yaml@^4.1.0
139 silly fetch manifest doctrine@^3.0.0
140 silly fetch manifest graphemer@^1.4.0
141 silly fetch manifest minimatch@^3.1.2
142 silly fetch manifest @eslint/js@8.57.1
143 silly fetch manifest optionator@^0.9.3
144 silly fetch manifest strip-ansi@^6.0.1
145 silly fetch manifest text-table@^0.2.0
146 silly fetch manifest cross-spawn@^7.0.2
147 silly fetch manifest glob-parent@^6.0.2
148 silly fetch manifest imurmurhash@^0.1.4
149 silly fetch manifest eslint-scope@^7.2.2
150 silly fetch manifest lodash.merge@^4.6.2
151 silly fetch manifest is-path-inside@^3.0.3
152 silly fetch manifest fast-deep-equal@^3.1.3
153 silly fetch manifest natural-compare@^1.4.0
154 silly fetch manifest @eslint/eslintrc@^2.1.4
155 silly fetch manifest @nodelib/fs.walk@^1.2.8
156 silly fetch manifest file-entry-cache@^6.0.1
157 silly fetch manifest eslint-visitor-keys@^3.4.3
158 silly fetch manifest escape-string-regexp@^4.0.0
159 silly fetch manifest @ungap/structured-clone@^1.2.0
160 silly fetch manifest @eslint-community/regexpp@^4.6.1
161 silly fetch manifest @humanwhocodes/config-array@^0.13.0
162 silly fetch manifest @eslint-community/eslint-utils@^4.2.0
163 silly fetch manifest @humanwhocodes/module-importer@^1.0.1
164 silly fetch manifest json-stable-stringify-without-jsonify@^1.0.1
165 silly placeDep ROOT eslint-plugin-react@7.37.5 OK for: querystack-fe@0.1.0 want: ^7.34.2
166 silly fetch manifest array-includes@^3.1.8
167 silly fetch manifest array.prototype.findlast@^1.2.5
168 silly fetch manifest array.prototype.flatmap@^1.3.3
169 silly fetch manifest array.prototype.tosorted@^1.1.4
170 silly fetch manifest doctrine@^2.1.0
171 silly fetch manifest es-iterator-helpers@^1.2.1
172 silly fetch manifest estraverse@^5.3.0
173 silly fetch manifest hasown@^2.0.2
174 silly fetch manifest jsx-ast-utils@^2.4.1 || ^3.0.0
175 silly fetch manifest object.entries@^1.1.9
176 silly fetch manifest object.fromentries@^2.0.8
177 silly fetch manifest object.values@^1.2.1
178 silly fetch manifest resolve@^2.0.0-next.5
179 silly fetch manifest semver@^6.3.1
180 silly fetch manifest string.prototype.matchall@^4.0.12
181 silly fetch manifest string.prototype.repeat@^1.0.0
182 silly placeDep ROOT eslint-plugin-react-hooks@4.6.2 OK for: querystack-fe@0.1.0 want: ^4.6.2
183 silly placeDep ROOT eslint-plugin-react-refresh@0.4.26 OK for: querystack-fe@0.1.0 want: ^0.4.7
184 http fetch GET 200 https://registry.npmjs.org/natural-compare 7121ms (cache miss)
185 http fetch GET 200 https://registry.npmjs.org/hasown 7087ms (cache miss)
186 http fetch GET 200 https://registry.npmjs.org/loose-envify 7292ms (cache miss)
187 http fetch GET 200 https://registry.npmjs.org/@emotion%2fuse-insertion-effect-with-fallbacks 7302ms (cache miss)
188 http fetch GET 200 https://registry.npmjs.org/string.prototype.repeat 7125ms (cache miss)
189 http fetch GET 200 https://registry.npmjs.org/@humanwhocodes%2fmodule-importer 7172ms (cache miss)
190 http fetch GET 200 https://registry.npmjs.org/imurmurhash 7214ms (cache miss)
191 http fetch GET 200 https://registry.npmjs.org/escape-string-regexp 7204ms (cache miss)
192 http fetch GET 200 https://registry.npmjs.org/array.prototype.tosorted 7185ms (cache miss)
193 http fetch GET 200 https://registry.npmjs.org/json-stable-stringify-without-jsonify 7195ms (cache miss)
194 http fetch GET 200 https://registry.npmjs.org/levn 7271ms (cache miss)
195 http fetch GET 200 https://registry.npmjs.org/is-glob 7262ms (cache miss)
196 http fetch GET 200 https://registry.npmjs.org/find-up 7279ms (cache miss)
197 http fetch GET 200 https://registry.npmjs.org/text-table 7263ms (cache miss)
198 http fetch GET 200 https://registry.npmjs.org/esutils 7286ms (cache miss)
199 http fetch GET 200 https://registry.npmjs.org/array.prototype.flatmap 7219ms (cache miss)
200 http fetch GET 200 https://registry.npmjs.org/is-path-inside 7263ms (cache miss)
201 http fetch GET 200 https://registry.npmjs.org/clsx 7384ms (cache miss)
202 http fetch GET 200 https://registry.npmjs.org/object.fromentries 7225ms (cache miss)
203 http fetch GET 200 https://registry.npmjs.org/fast-deep-equal 7280ms (cache miss)
204 http fetch GET 200 https://registry.npmjs.org/esquery 7320ms (cache miss)
205 http fetch GET 200 https://registry.npmjs.org/@emotion%2fcache 7442ms (cache miss)
206 http fetch GET 200 https://registry.npmjs.org/doctrine 7252ms (cache miss)
207 http fetch GET 200 https://registry.npmjs.org/object.entries 7249ms (cache miss)
208 http fetch GET 200 https://registry.npmjs.org/prop-types 7401ms (cache miss)
209 http fetch GET 200 https://registry.npmjs.org/object.values 7251ms (cache miss)
210 http fetch GET 200 https://registry.npmjs.org/lodash.merge 7307ms (cache miss)
211 http fetch GET 200 https://registry.npmjs.org/array.prototype.findlast 7269ms (cache miss)
212 http fetch GET 200 https://registry.npmjs.org/graphemer 7328ms (cache miss)
213 http fetch GET 200 https://registry.npmjs.org/optionator 7330ms (cache miss)
214 http fetch GET 200 https://registry.npmjs.org/estraverse 7275ms (cache miss)
215 http fetch GET 200 https://registry.npmjs.org/es-iterator-helpers 7281ms (cache miss)
216 http fetch GET 200 https://registry.npmjs.org/strip-ansi 7345ms (cache miss)
217 http fetch GET 200 https://registry.npmjs.org/doctrine 7357ms (cache miss)
218 http fetch GET 200 https://registry.npmjs.org/@emotion%2fweak-memoize 7486ms (cache miss)
219 http fetch GET 200 https://registry.npmjs.org/array-includes 7305ms (cache miss)
220 http fetch GET 200 https://registry.npmjs.org/eslint-visitor-keys 7332ms (cache miss)
221 http fetch GET 200 https://registry.npmjs.org/@ungap%2fstructured-clone 7337ms (cache miss)
222 http fetch GET 200 https://registry.npmjs.org/eslint-scope 7362ms (cache miss)
223 http fetch GET 200 https://registry.npmjs.org/string.prototype.matchall 7300ms (cache miss)
224 http fetch GET 200 https://registry.npmjs.org/glob-parent 7370ms (cache miss)
225 http fetch GET 200 https://registry.npmjs.org/@nodelib%2ffs.walk 7353ms (cache miss)
226 http fetch GET 200 https://registry.npmjs.org/@eslint-community%2fregexpp 7354ms (cache miss)
227 http fetch GET 200 https://registry.npmjs.org/file-entry-cache 7364ms (cache miss)
228 http fetch GET 200 https://registry.npmjs.org/cross-spawn 7392ms (cache miss)
229 http fetch GET 200 https://registry.npmjs.org/hoist-non-react-statics 7534ms (cache miss)
230 http fetch GET 200 https://registry.npmjs.org/jsx-ast-utils 7345ms (cache miss)
231 http fetch GET 200 https://registry.npmjs.org/@eslint-community%2feslint-utils 7367ms (cache miss)
232 http fetch GET 200 https://registry.npmjs.org/@emotion%2fbabel-plugin 7553ms (cache miss)
233 http fetch GET 200 https://registry.npmjs.org/chalk 7447ms (cache miss)
234 http fetch GET 200 https://registry.npmjs.org/@babel%2fruntime 7567ms (cache miss)
235 http fetch GET 200 https://registry.npmjs.org/js-yaml 7451ms (cache miss)
236 http fetch GET 200 https://registry.npmjs.org/@mui%2ftypes 7532ms (cache miss)
237 http fetch GET 200 https://registry.npmjs.org/@eslint%2fjs 7448ms (cache miss)
238 http fetch GET 200 https://registry.npmjs.org/@emotion%2futils 7587ms (cache miss)
239 http fetch GET 200 https://registry.npmjs.org/react-transition-group 7527ms (cache miss)
240 http fetch GET 200 https://registry.npmjs.org/@types%2freact-transition-group 7532ms (cache miss)
241 http fetch GET 200 https://registry.npmjs.org/@types%2fbabel__core 7513ms (cache miss)
242 http fetch GET 200 https://registry.npmjs.org/@rolldown%2fpluginutils 7515ms (cache miss)
243 http fetch GET 200 https://registry.npmjs.org/@humanwhocodes%2fconfig-array 7430ms (cache miss)
244 http fetch GET 200 https://registry.npmjs.org/@emotion%2fis-prop-valid 7589ms (cache miss)
245 http fetch GET 200 https://registry.npmjs.org/@eslint%2feslintrc 7455ms (cache miss)
246 http fetch GET 200 https://registry.npmjs.org/debug 7500ms (cache miss)
247 http fetch GET 200 https://registry.npmjs.org/fsevents 7532ms (cache miss)
248 http fetch GET 200 https://registry.npmjs.org/ignore 7555ms (cache miss)
249 http fetch GET 200 https://registry.npmjs.org/espree 7560ms (cache miss)
250 http fetch GET 200 https://registry.npmjs.org/@babel%2fplugin-transform-react-jsx-source 7583ms (cache miss)
251 http fetch GET 200 https://registry.npmjs.org/@babel%2fplugin-transform-react-jsx-self 7597ms (cache miss)
252 http fetch GET 200 https://registry.npmjs.org/semver 7489ms (cache miss)
253 http fetch GET 200 https://registry.npmjs.org/resolve 7496ms (cache miss)
254 http fetch GET 200 https://registry.npmjs.org/@emotion%2fserialize 7709ms (cache miss)
255 http fetch GET 200 https://registry.npmjs.org/globals 7606ms (cache miss)
256 http fetch GET 200 https://registry.npmjs.org/@mui%2fcore-downloads-tracker 7682ms (cache miss)
257 http fetch GET 200 https://registry.npmjs.org/@mui%2futils 7706ms (cache miss)
258 http fetch GET 200 https://registry.npmjs.org/@popperjs%2fcore 7703ms (cache miss)
259 http fetch GET 200 https://registry.npmjs.org/csstype 7722ms (cache miss)
260 http fetch GET 200 https://registry.npmjs.org/minimatch 7641ms (cache miss)
261 http fetch GET 200 https://registry.npmjs.org/@babel%2fruntime 7743ms (cache miss)
262 http fetch GET 200 https://registry.npmjs.org/@mui%2fsystem 7743ms (cache miss)
263 http fetch GET 200 https://registry.npmjs.org/ajv 7702ms (cache miss)
264 http fetch GET 200 https://registry.npmjs.org/@babel%2fcore 7752ms (cache miss)
265 http fetch GET 200 https://registry.npmjs.org/esbuild 7794ms (cache miss)
266 http fetch GET 200 https://registry.npmjs.org/rollup 7876ms (cache miss)
267 http fetch GET 200 https://registry.npmjs.org/scheduler 8003ms (cache miss)
268 http fetch GET 200 https://registry.npmjs.org/react-is 8078ms (cache miss)
269 http fetch GET 200 https://registry.npmjs.org/react-refresh 8073ms (cache miss)
270 timing idealTree:#root Completed in 16536ms
271 silly fetch manifest react@>=16.8.0
272 silly placeDep ROOT @babel/runtime@7.29.7 OK for: @emotion/react@11.14.0 want: ^7.18.3
273 silly placeDep ROOT @emotion/babel-plugin@11.13.5 OK for: @emotion/react@11.14.0 want: ^11.13.5
274 silly fetch manifest stylis@4.2.0
275 silly fetch manifest find-root@^1.1.0
276 silly fetch manifest source-map@^0.5.7
277 silly fetch manifest @emotion/hash@^0.9.2
278 silly fetch manifest @emotion/memoize@^0.9.0
279 silly fetch manifest convert-source-map@^1.5.0
280 silly fetch manifest babel-plugin-macros@^3.1.0
281 silly fetch manifest @babel/helper-module-imports@^7.16.7
282 silly placeDep ROOT @emotion/cache@11.14.0 OK for: @emotion/react@11.14.0 want: ^11.14.0
283 silly fetch manifest @emotion/sheet@^1.4.0
284 silly placeDep ROOT @emotion/serialize@1.3.3 OK for: @emotion/react@11.14.0 want: ^1.3.3
285 silly fetch manifest csstype@^3.0.2
286 silly fetch manifest @emotion/unitless@^0.10.0
287 silly placeDep ROOT @emotion/use-insertion-effect-with-fallbacks@1.2.0 OK for: @emotion/react@11.14.0 want: ^1.2.0
288 silly placeDep ROOT @emotion/utils@1.4.2 OK for: @emotion/react@11.14.0 want: ^1.4.2
289 silly placeDep ROOT @emotion/weak-memoize@0.4.0 OK for: @emotion/react@11.14.0 want: ^0.4.0
290 silly placeDep ROOT hoist-non-react-statics@3.3.2 OK for: @emotion/react@11.14.0 want: ^3.3.1
291 silly fetch manifest react-is@^16.7.0
292 http fetch GET 200 https://registry.npmjs.org/find-root 1632ms (cache miss)
293 http fetch GET 200 https://registry.npmjs.org/source-map 1632ms (cache miss)
294 http fetch GET 200 https://registry.npmjs.org/@emotion%2fmemoize 1724ms (cache miss)
295 http fetch GET 200 https://registry.npmjs.org/convert-source-map 1803ms (cache miss)
296 http fetch GET 200 https://registry.npmjs.org/@emotion%2funitless 1861ms (cache miss)
297 http fetch GET 200 https://registry.npmjs.org/@emotion%2fhash 1885ms (cache miss)
298 http fetch GET 200 https://registry.npmjs.org/stylis 1893ms (cache miss)
299 http fetch GET 200 https://registry.npmjs.org/babel-plugin-macros 1907ms (cache miss)
300 http fetch GET 200 https://registry.npmjs.org/@emotion%2fsheet 2379ms (cache miss)
301 http fetch GET 200 https://registry.npmjs.org/@babel%2fhelper-module-imports 2384ms (cache miss)
302 timing idealTree:node_modules/@emotion/react Completed in 2431ms
303 timing idealTree:node_modules/@babel/runtime Completed in 1ms
304 silly placeDep ROOT @babel/helper-module-imports@7.29.7 OK for: @emotion/babel-plugin@11.13.5 want: ^7.16.7
305 silly fetch manifest @babel/types@^7.29.7
306 silly fetch manifest @babel/traverse@^7.29.7
307 silly placeDep ROOT @emotion/hash@0.9.2 OK for: @emotion/babel-plugin@11.13.5 want: ^0.9.2
308 silly placeDep ROOT @emotion/memoize@0.9.0 OK for: @emotion/babel-plugin@11.13.5 want: ^0.9.0
309 silly placeDep ROOT babel-plugin-macros@3.1.0 OK for: @emotion/babel-plugin@11.13.5 want: ^3.1.0
310 silly fetch manifest cosmiconfig@^7.0.0
311 silly fetch manifest resolve@^1.19.0
312 silly placeDep ROOT convert-source-map@1.9.0 OK for: @emotion/babel-plugin@11.13.5 want: ^1.5.0
313 silly placeDep ROOT escape-string-regexp@4.0.0 OK for: @emotion/babel-plugin@11.13.5 want: ^4.0.0
314 silly placeDep ROOT find-root@1.1.0 OK for: @emotion/babel-plugin@11.13.5 want: ^1.1.0
315 silly placeDep ROOT source-map@0.5.7 OK for: @emotion/babel-plugin@11.13.5 want: ^0.5.7
316 silly placeDep ROOT stylis@4.2.0 OK for: @emotion/babel-plugin@11.13.5 want: 4.2.0
317 http fetch GET 200 https://registry.npmjs.org/cosmiconfig 430ms (cache miss)
318 http fetch GET 200 https://registry.npmjs.org/@babel%2ftypes 454ms (cache miss)
319 http fetch GET 200 https://registry.npmjs.org/@babel%2ftraverse 480ms (cache miss)
320 timing idealTree:node_modules/@emotion/babel-plugin Completed in 493ms
321 silly placeDep ROOT @babel/traverse@7.29.7 OK for: @babel/helper-module-imports@7.29.7 want: ^7.29.7
322 silly fetch manifest debug@^4.3.1
323 silly fetch manifest @babel/parser@^7.29.7
324 silly fetch manifest @babel/template@^7.29.7
325 silly fetch manifest @babel/generator@^7.29.7
326 silly fetch manifest @babel/code-frame@^7.29.7
327 silly fetch manifest @babel/helper-globals@^7.29.7
328 silly placeDep ROOT @babel/types@7.29.7 OK for: @babel/helper-module-imports@7.29.7 want: ^7.29.7
329 silly fetch manifest @babel/helper-string-parser@^7.29.7
330 silly fetch manifest @babel/helper-validator-identifier@^7.29.7
331 http fetch GET 200 https://registry.npmjs.org/@babel%2fhelper-globals 123ms (cache miss)
332 http fetch GET 200 https://registry.npmjs.org/@babel%2fhelper-string-parser 222ms (cache miss)
333 http fetch GET 200 https://registry.npmjs.org/@babel%2ftemplate 261ms (cache miss)
334 http fetch GET 200 https://registry.npmjs.org/@babel%2fhelper-validator-identifier 408ms (cache miss)
335 http fetch GET 200 https://registry.npmjs.org/@babel%2fgenerator 417ms (cache miss)
336 http fetch GET 200 https://registry.npmjs.org/@babel%2fcode-frame 422ms (cache miss)
337 http fetch GET 200 https://registry.npmjs.org/@babel%2fparser 428ms (cache miss)
338 timing idealTree:node_modules/@babel/helper-module-imports Completed in 439ms
339 silly placeDep ROOT @babel/code-frame@7.29.7 OK for: @babel/traverse@7.29.7 want: ^7.29.7
340 silly fetch manifest js-tokens@^4.0.0
341 silly fetch manifest picocolors@^1.1.1
342 silly placeDep ROOT @babel/generator@7.29.7 OK for: @babel/traverse@7.29.7 want: ^7.29.7
343 silly fetch manifest jsesc@^3.0.2
344 silly fetch manifest @jridgewell/gen-mapping@^0.3.12
345 silly fetch manifest @jridgewell/trace-mapping@^0.3.28
346 silly placeDep ROOT @babel/helper-globals@7.29.7 OK for: @babel/traverse@7.29.7 want: ^7.29.7
347 silly placeDep ROOT @babel/parser@7.29.7 OK for: @babel/traverse@7.29.7 want: ^7.29.7
348 silly placeDep ROOT @babel/template@7.29.7 OK for: @babel/traverse@7.29.7 want: ^7.29.7
349 silly placeDep ROOT debug@4.4.3 OK for: @babel/traverse@7.29.7 want: ^4.3.1
350 silly fetch manifest ms@^2.1.3
351 http fetch GET 200 https://registry.npmjs.org/picocolors 76ms (cache miss)
352 http fetch GET 200 https://registry.npmjs.org/js-tokens 82ms (cache miss)
353 http fetch GET 200 https://registry.npmjs.org/jsesc 78ms (cache miss)
354 http fetch GET 200 https://registry.npmjs.org/ms 70ms (cache miss)
355 http fetch GET 200 https://registry.npmjs.org/@jridgewell%2fgen-mapping 88ms (cache miss)
356 http fetch GET 200 https://registry.npmjs.org/@jridgewell%2ftrace-mapping 372ms (cache miss)
357 timing idealTree:node_modules/@babel/traverse Completed in 389ms
358 silly placeDep ROOT @babel/helper-validator-identifier@7.29.7 OK for: @babel/code-frame@7.29.7 want: ^7.29.7
359 silly placeDep ROOT js-tokens@4.0.0 OK for: @babel/code-frame@7.29.7 want: ^4.0.0
360 silly placeDep ROOT picocolors@1.1.1 OK for: @babel/code-frame@7.29.7 want: ^1.1.1
361 timing idealTree:node_modules/@babel/code-frame Completed in 5ms
362 silly placeDep ROOT @jridgewell/gen-mapping@0.3.13 OK for: @babel/generator@7.29.7 want: ^0.3.12
363 silly fetch manifest @jridgewell/trace-mapping@^0.3.24
364 silly fetch manifest @jridgewell/sourcemap-codec@^1.5.0
365 silly placeDep ROOT @jridgewell/trace-mapping@0.3.31 OK for: @babel/generator@7.29.7 want: ^0.3.28
366 silly fetch manifest @jridgewell/resolve-uri@^3.1.0
367 silly fetch manifest @jridgewell/sourcemap-codec@^1.4.14
368 silly placeDep ROOT jsesc@3.1.0 OK for: @babel/generator@7.29.7 want: ^3.0.2
369 http fetch GET 200 https://registry.npmjs.org/@jridgewell%2fsourcemap-codec 71ms (cache miss)
370 http fetch GET 200 https://registry.npmjs.org/@jridgewell%2fsourcemap-codec 68ms (cache miss)
371 http fetch GET 200 https://registry.npmjs.org/@jridgewell%2fresolve-uri 81ms (cache miss)
372 timing idealTree:node_modules/@babel/generator Completed in 92ms
373 timing idealTree:node_modules/@babel/helper-globals Completed in 0ms
374 timing idealTree:node_modules/@babel/helper-validator-identifier Completed in 0ms
375 timing idealTree:node_modules/@babel/parser Completed in 0ms
376 timing idealTree:node_modules/@babel/template Completed in 0ms
377 silly placeDep ROOT @babel/helper-string-parser@7.29.7 OK for: @babel/types@7.29.7 want: ^7.29.7
378 timing idealTree:node_modules/@babel/types Completed in 3ms
379 timing idealTree:node_modules/@babel/helper-string-parser Completed in 0ms
380 silly placeDep ROOT @emotion/sheet@1.4.0 OK for: @emotion/cache@11.14.0 want: ^1.4.0
381 timing idealTree:node_modules/@emotion/cache Completed in 3ms
382 timing idealTree:node_modules/@emotion/hash Completed in 0ms
383 timing idealTree:node_modules/@emotion/memoize Completed in 0ms
384 silly placeDep ROOT @emotion/unitless@0.10.0 OK for: @emotion/serialize@1.3.3 want: ^0.10.0
385 silly placeDep ROOT csstype@3.2.3 OK for: @emotion/serialize@1.3.3 want: ^3.0.2
386 timing idealTree:node_modules/@emotion/serialize Completed in 5ms
387 timing idealTree:node_modules/@emotion/sheet Completed in 0ms
388 silly placeDep ROOT @emotion/is-prop-valid@1.4.0 OK for: @emotion/styled@11.14.1 want: ^1.3.0
389 timing idealTree:node_modules/@emotion/styled Completed in 2ms
390 timing idealTree:node_modules/@emotion/is-prop-valid Completed in 1ms
391 timing idealTree:node_modules/@emotion/unitless Completed in 0ms
392 timing idealTree:node_modules/@emotion/use-insertion-effect-with-fallbacks Completed in 0ms
393 timing idealTree:node_modules/@emotion/utils Completed in 0ms
394 timing idealTree:node_modules/@emotion/weak-memoize Completed in 0ms
395 timing idealTree:node_modules/@fontsource/inter Completed in 0ms
396 silly placeDep ROOT @jridgewell/sourcemap-codec@1.5.5 OK for: @jridgewell/gen-mapping@0.3.13 want: ^1.5.0
397 timing idealTree:node_modules/@jridgewell/gen-mapping Completed in 3ms
398 timing idealTree:node_modules/@jridgewell/sourcemap-codec Completed in 0ms
399 silly placeDep ROOT @jridgewell/resolve-uri@3.1.2 OK for: @jridgewell/trace-mapping@0.3.31 want: ^3.1.0
400 timing idealTree:node_modules/@jridgewell/trace-mapping Completed in 2ms
401 timing idealTree:node_modules/@jridgewell/resolve-uri Completed in 0ms
402 timing idealTree:node_modules/@mui/icons-material Completed in 0ms
403 silly fetch manifest react@^17.0.0 || ^18.0.0 || ^19.0.0
404 silly fetch manifest @emotion/react@^11.5.0
405 silly fetch manifest @emotion/styled@^11.3.0
406 silly fetch manifest react-dom@^17.0.0 || ^18.0.0 || ^19.0.0
407 silly placeDep ROOT @mui/core-downloads-tracker@5.18.0 OK for: @mui/material@5.18.0 want: ^5.18.0
408 silly placeDep ROOT @mui/system@5.18.0 OK for: @mui/material@5.18.0 want: ^5.18.0
409 silly fetch manifest @mui/styled-engine@^5.18.0
410 silly fetch manifest @mui/private-theming@^5.17.1
411 silly placeDep ROOT @mui/types@7.2.24 OK for: @mui/material@5.18.0 want: ~7.2.15
412 silly placeDep ROOT @mui/utils@5.17.1 OK for: @mui/material@5.18.0 want: ^5.17.1
413 silly fetch manifest clsx@^2.1.1
414 silly fetch manifest @types/prop-types@^15.7.12
415 silly placeDep ROOT @popperjs/core@2.11.8 OK for: @mui/material@5.18.0 want: ^2.11.8
416 silly placeDep ROOT @types/react-transition-group@4.4.12 OK for: @mui/material@5.18.0 want: ^4.4.10
417 silly placeDep ROOT @types/react@19.2.17 OK for: @types/react-transition-group@4.4.12 want: *
418 silly placeDep ROOT clsx@2.1.1 OK for: @mui/material@5.18.0 want: ^2.1.0
419 silly placeDep ROOT prop-types@15.8.1 OK for: @mui/material@5.18.0 want: ^15.8.1
420 silly fetch manifest loose-envify@^1.4.0
421 silly fetch manifest object-assign@^4.1.1
422 silly fetch manifest react-is@^16.13.1
423 silly placeDep ROOT react-is@19.2.7 OK for: @mui/material@5.18.0 want: ^19.0.0
424 silly placeDep ROOT react-transition-group@4.4.5 OK for: @mui/material@5.18.0 want: ^4.4.5
425 silly fetch manifest dom-helpers@^5.0.1
426 http fetch GET 200 https://registry.npmjs.org/object-assign 98ms (cache miss)
427 http fetch GET 200 https://registry.npmjs.org/dom-helpers 88ms (cache miss)
428 http fetch GET 200 https://registry.npmjs.org/@mui%2fprivate-theming 129ms (cache miss)
429 http fetch GET 200 https://registry.npmjs.org/@mui%2fstyled-engine 137ms (cache miss)
430 http fetch GET 200 https://registry.npmjs.org/@types%2fprop-types 361ms (cache miss)
431 timing idealTree:node_modules/@mui/material Completed in 407ms
432 timing idealTree:node_modules/@mui/core-downloads-tracker Completed in 0ms
433 silly placeDep ROOT @mui/private-theming@5.17.1 OK for: @mui/system@5.18.0 want: ^5.17.1
434 silly placeDep ROOT @mui/styled-engine@5.18.0 OK for: @mui/system@5.18.0 want: ^5.18.0
435 timing idealTree:node_modules/@mui/system Completed in 20ms
436 timing idealTree:node_modules/@mui/private-theming Completed in 0ms
437 timing idealTree:node_modules/@mui/styled-engine Completed in 0ms
438 timing idealTree:node_modules/@mui/types Completed in 0ms
439 silly placeDep ROOT @types/prop-types@15.7.15 OK for: @mui/utils@5.17.1 want: ^15.7.12
440 timing idealTree:node_modules/@mui/utils Completed in 2ms
441 timing idealTree:node_modules/@popperjs/core Completed in 0ms
442 timing idealTree:node_modules/@types/prop-types Completed in 0ms
443 timing idealTree:node_modules/@types/react Completed in 0ms
444 timing idealTree:node_modules/@types/react-transition-group Completed in 0ms
445 silly placeDep ROOT @babel/core@7.29.7 OK for: @vitejs/plugin-react@4.7.0 want: ^7.28.0
446 silly fetch manifest json5@^2.2.3
447 silly fetch manifest gensync@^1.0.0-beta.2
448 silly fetch manifest @babel/helpers@^7.29.7
449 silly fetch manifest convert-source-map@^2.0.0
450 silly fetch manifest @jridgewell/remapping@^2.3.5
451 silly fetch manifest @babel/helper-module-transforms@^7.29.7
452 silly fetch manifest @babel/helper-compilation-targets@^7.29.7
453 silly placeDep ROOT @babel/plugin-transform-react-jsx-self@7.29.7 OK for: @vitejs/plugin-react@4.7.0 want: ^7.27.1
454 silly fetch manifest @babel/helper-plugin-utils@^7.29.7
455 silly placeDep ROOT @babel/plugin-transform-react-jsx-source@7.29.7 OK for: @vitejs/plugin-react@4.7.0 want: ^7.27.1
456 silly placeDep ROOT @rolldown/pluginutils@1.0.0-beta.27 OK for: @vitejs/plugin-react@4.7.0 want: 1.0.0-beta.27
457 silly placeDep ROOT @types/babel__core@7.20.5 OK for: @vitejs/plugin-react@4.7.0 want: ^7.20.5
458 silly fetch manifest @types/babel__template@*
459 silly fetch manifest @types/babel__traverse@*
460 silly fetch manifest @types/babel__generator@*
461 silly placeDep ROOT react-refresh@0.17.0 OK for: @vitejs/plugin-react@4.7.0 want: ^0.17.0
462 http fetch GET 200 https://registry.npmjs.org/gensync 180ms (cache miss)
463 http fetch GET 200 https://registry.npmjs.org/json5 197ms (cache miss)
464 http fetch GET 200 https://registry.npmjs.org/@babel%2fhelper-plugin-utils 573ms (cache miss)
465 http fetch GET 200 https://registry.npmjs.org/@jridgewell%2fremapping 650ms (cache miss)
466 http fetch GET 200 https://registry.npmjs.org/@types%2fbabel__generator 639ms (cache miss)
467 http fetch GET 200 https://registry.npmjs.org/@types%2fbabel__traverse 645ms (cache miss)
468 http fetch GET 200 https://registry.npmjs.org/@babel%2fhelpers 667ms (cache miss)
469 http fetch GET 200 https://registry.npmjs.org/@types%2fbabel__template 663ms (cache miss)
470 http fetch GET 200 https://registry.npmjs.org/@babel%2fhelper-compilation-targets 672ms (cache miss)
471 http fetch GET 200 https://registry.npmjs.org/@babel%2fhelper-module-transforms 680ms (cache miss)
472 timing idealTree:node_modules/@vitejs/plugin-react Completed in 713ms
473 silly fetch manifest @babel/core@^7.0.0
474 silly placeDep ROOT @babel/helper-compilation-targets@7.29.7 OK for: @babel/core@7.29.7 want: ^7.29.7
475 silly fetch manifest lru-cache@^5.1.1
476 silly fetch manifest browserslist@^4.24.0
477 silly fetch manifest @babel/compat-data@^7.29.7
478 silly fetch manifest @babel/helper-validator-option@^7.29.7
479 silly placeDep ROOT @babel/helper-module-transforms@7.29.7 OK for: @babel/core@7.29.7 want: ^7.29.7
480 silly placeDep ROOT @babel/helpers@7.29.7 OK for: @babel/core@7.29.7 want: ^7.29.7
481 silly placeDep ROOT @jridgewell/remapping@2.3.5 OK for: @babel/core@7.29.7 want: ^2.3.5
482 silly placeDep node_modules/@babel/core convert-source-map@2.0.0 OK for: @babel/core@7.29.7 want: ^2.0.0
483 silly placeDep ROOT gensync@1.0.0-beta.2 OK for: @babel/core@7.29.7 want: ^1.0.0-beta.2
484 silly placeDep ROOT json5@2.2.3 OK for: @babel/core@7.29.7 want: ^2.2.3
485 silly placeDep ROOT semver@6.3.1 OK for: @babel/core@7.29.7 want: ^6.3.1
486 http fetch GET 200 https://registry.npmjs.org/@babel%2fcompat-data 160ms (cache miss)
487 http fetch GET 200 https://registry.npmjs.org/browserslist 168ms (cache miss)
488 http fetch GET 200 https://registry.npmjs.org/@babel%2fhelper-validator-option 170ms (cache miss)
489 http fetch GET 200 https://registry.npmjs.org/lru-cache 179ms (cache miss)
490 timing idealTree:node_modules/@babel/core Completed in 213ms
491 silly placeDep ROOT @babel/compat-data@7.29.7 OK for: @babel/helper-compilation-targets@7.29.7 want: ^7.29.7
492 silly placeDep ROOT @babel/helper-validator-option@7.29.7 OK for: @babel/helper-compilation-targets@7.29.7 want: ^7.29.7
493 silly placeDep ROOT browserslist@4.28.4 OK for: @babel/helper-compilation-targets@7.29.7 want: ^4.24.0
494 silly fetch manifest caniuse-lite@^1.0.30001799
495 silly fetch manifest node-releases@^2.0.48
496 silly fetch manifest electron-to-chromium@^1.5.376
497 silly fetch manifest update-browserslist-db@^1.2.3
498 silly fetch manifest baseline-browser-mapping@^2.10.38
499 silly placeDep ROOT lru-cache@5.1.1 OK for: @babel/helper-compilation-targets@7.29.7 want: ^5.1.1
500 silly fetch manifest yallist@^3.0.2
501 http fetch GET 200 https://registry.npmjs.org/update-browserslist-db 162ms (cache miss)
502 http fetch GET 200 https://registry.npmjs.org/yallist 335ms (cache miss)
503 http fetch GET 200 https://registry.npmjs.org/baseline-browser-mapping 348ms (cache miss)
504 http fetch GET 200 https://registry.npmjs.org/node-releases 382ms (cache miss)
505 http fetch GET 200 https://registry.npmjs.org/caniuse-lite 572ms (cache miss)
506 http fetch GET 200 https://registry.npmjs.org/electron-to-chromium 770ms (cache miss)
507 timing idealTree:node_modules/@babel/helper-compilation-targets Completed in 815ms
508 timing idealTree:node_modules/@babel/compat-data Completed in 0ms
509 timing idealTree:node_modules/@babel/helper-module-transforms Completed in 1ms
510 timing idealTree:node_modules/@babel/helper-validator-option Completed in 0ms
511 timing idealTree:node_modules/@babel/helpers Completed in 0ms
512 silly placeDep ROOT @babel/helper-plugin-utils@7.29.7 OK for: @babel/plugin-transform-react-jsx-self@7.29.7 want: ^7.29.7
513 timing idealTree:node_modules/@babel/plugin-transform-react-jsx-self Completed in 3ms
514 timing idealTree:node_modules/@babel/helper-plugin-utils Completed in 0ms
515 timing idealTree:node_modules/@babel/plugin-transform-react-jsx-source Completed in 0ms
516 timing idealTree:node_modules/@jridgewell/remapping Completed in 0ms
517 timing idealTree:node_modules/@rolldown/pluginutils Completed in 0ms
518 silly placeDep ROOT @types/babel__generator@7.27.0 OK for: @types/babel__core@7.20.5 want: *
519 silly placeDep ROOT @types/babel__template@7.4.4 OK for: @types/babel__core@7.20.5 want: *
520 silly placeDep ROOT @types/babel__traverse@7.28.0 OK for: @types/babel__core@7.20.5 want: *
521 timing idealTree:node_modules/@types/babel__core Completed in 10ms
522 timing idealTree:node_modules/@types/babel__generator Completed in 0ms
523 timing idealTree:node_modules/@types/babel__template Completed in 0ms
524 timing idealTree:node_modules/@types/babel__traverse Completed in 0ms
525 silly placeDep ROOT cosmiconfig@7.1.0 OK for: babel-plugin-macros@3.1.0 want: ^7.0.0
526 silly fetch manifest yaml@^1.10.0
527 silly fetch manifest path-type@^4.0.0
528 silly fetch manifest parse-json@^5.0.0
529 silly fetch manifest import-fresh@^3.2.1
530 silly fetch manifest @types/parse-json@^4.0.0
531 silly placeDep ROOT resolve@1.22.12 OK for: babel-plugin-macros@3.1.0 want: ^1.19.0
532 silly fetch manifest es-errors@^1.3.0
533 silly fetch manifest path-parse@^1.0.7
534 silly fetch manifest is-core-module@^2.16.1
535 silly fetch manifest supports-preserve-symlinks-flag@^1.0.0
536 http fetch GET 200 https://registry.npmjs.org/path-type 167ms (cache miss)
537 http fetch GET 200 https://registry.npmjs.org/import-fresh 166ms (cache miss)
538 http fetch GET 200 https://registry.npmjs.org/@types%2fparse-json 170ms (cache miss)
539 http fetch GET 200 https://registry.npmjs.org/parse-json 176ms (cache miss)
540 http fetch GET 200 https://registry.npmjs.org/es-errors 170ms (cache miss)
541 http fetch GET 200 https://registry.npmjs.org/supports-preserve-symlinks-flag 167ms (cache miss)
542 http fetch GET 200 https://registry.npmjs.org/is-core-module 171ms (cache miss)
543 http fetch GET 200 https://registry.npmjs.org/path-parse 179ms (cache miss)
544 http fetch GET 200 https://registry.npmjs.org/yaml 201ms (cache miss)
545 timing idealTree:node_modules/babel-plugin-macros Completed in 211ms
546 silly fetch manifest browserslist@>= 4.21.0
547 silly placeDep ROOT baseline-browser-mapping@2.10.38 OK for: browserslist@4.28.4 want: ^2.10.38
548 silly placeDep ROOT caniuse-lite@1.0.30001799 OK for: browserslist@4.28.4 want: ^1.0.30001799
549 silly placeDep ROOT electron-to-chromium@1.5.378 OK for: browserslist@4.28.4 want: ^1.5.376
550 silly placeDep ROOT node-releases@2.0.50 OK for: browserslist@4.28.4 want: ^2.0.48
551 silly placeDep ROOT update-browserslist-db@1.2.3 OK for: browserslist@4.28.4 want: ^1.2.3
552 silly fetch manifest escalade@^3.2.0
553 http fetch GET 200 https://registry.npmjs.org/escalade 57ms (cache miss)
554 timing idealTree:node_modules/browserslist Completed in 78ms
555 timing idealTree:node_modules/baseline-browser-mapping Completed in 0ms
556 timing idealTree:node_modules/caniuse-lite Completed in 0ms
557 timing idealTree:node_modules/clsx Completed in 1ms
558 timing idealTree:node_modules/convert-source-map Completed in 0ms
559 silly placeDep ROOT @types/parse-json@4.0.2 OK for: cosmiconfig@7.1.0 want: ^4.0.0
560 silly placeDep ROOT import-fresh@3.3.1 OK for: cosmiconfig@7.1.0 want: ^3.2.1
561 silly fetch manifest resolve-from@^4.0.0
562 silly fetch manifest parent-module@^1.0.0
563 silly placeDep ROOT parse-json@5.2.0 OK for: cosmiconfig@7.1.0 want: ^5.0.0
564 silly fetch manifest error-ex@^1.3.1
565 silly fetch manifest lines-and-columns@^1.1.6
566 silly fetch manifest json-parse-even-better-errors@^2.3.0
567 silly placeDep ROOT path-type@4.0.0 OK for: cosmiconfig@7.1.0 want: ^4.0.0
568 silly placeDep ROOT yaml@1.10.3 OK for: cosmiconfig@7.1.0 want: ^1.10.0
569 http fetch GET 200 https://registry.npmjs.org/parent-module 69ms (cache miss)
570 http fetch GET 200 https://registry.npmjs.org/lines-and-columns 65ms (cache miss)
571 http fetch GET 200 https://registry.npmjs.org/json-parse-even-better-errors 68ms (cache miss)
572 http fetch GET 200 https://registry.npmjs.org/resolve-from 76ms (cache miss)
573 http fetch GET 200 https://registry.npmjs.org/error-ex 75ms (cache miss)
574 timing idealTree:node_modules/cosmiconfig Completed in 87ms
575 timing idealTree:node_modules/@types/parse-json Completed in 0ms
576 timing idealTree:node_modules/csstype Completed in 0ms
577 silly placeDep ROOT ms@2.1.3 OK for: debug@4.4.3 want: ^2.1.3
578 timing idealTree:node_modules/debug Completed in 2ms
579 timing idealTree:node_modules/electron-to-chromium Completed in 0ms
580 timing idealTree:node_modules/escape-string-regexp Completed in 0ms
581 silly fetch manifest eslint@^6.0.0 || ^7.0.0 || >=8.0.0
582 silly fetch manifest jiti@*
583 http fetch GET 200 https://registry.npmjs.org/jiti 61ms (cache miss)
584 silly placeDep ROOT @eslint-community/eslint-utils@4.9.1 OK for: eslint@8.57.1 want: ^4.2.0
585 silly placeDep ROOT @eslint-community/regexpp@4.12.2 OK for: eslint@8.57.1 want: ^4.6.1
586 silly placeDep ROOT @eslint/eslintrc@2.1.4 OK for: eslint@8.57.1 want: ^2.1.4
587 silly fetch manifest espree@^9.6.0
588 silly fetch manifest strip-json-comments@^3.1.1
589 silly placeDep ROOT @eslint/js@8.57.1 OK for: eslint@8.57.1 want: 8.57.1
590 silly placeDep ROOT @humanwhocodes/config-array@0.13.0 OK for: eslint@8.57.1 want: ^0.13.0
591 silly fetch manifest minimatch@^3.0.5
592 silly fetch manifest @humanwhocodes/object-schema@^2.0.3
593 silly placeDep ROOT @humanwhocodes/module-importer@1.0.1 OK for: eslint@8.57.1 want: ^1.0.1
594 silly placeDep ROOT @nodelib/fs.walk@1.2.8 OK for: eslint@8.57.1 want: ^1.2.8
595 silly fetch manifest fastq@^1.6.0
596 silly fetch manifest @nodelib/fs.scandir@2.1.5
597 silly placeDep ROOT @ungap/structured-clone@1.3.2 OK for: eslint@8.57.1 want: ^1.2.0
598 silly placeDep ROOT ajv@6.15.0 OK for: eslint@8.57.1 want: ^6.12.4
599 silly fetch manifest uri-js@^4.2.2
600 silly fetch manifest fast-deep-equal@^3.1.1
601 silly fetch manifest json-schema-traverse@^0.4.1
602 silly fetch manifest fast-json-stable-stringify@^2.0.0
603 silly placeDep ROOT chalk@4.1.2 OK for: eslint@8.57.1 want: ^4.0.0
604 silly fetch manifest ansi-styles@^4.1.0
605 silly fetch manifest supports-color@^7.1.0
606 silly placeDep ROOT cross-spawn@7.0.6 OK for: eslint@8.57.1 want: ^7.0.2
607 silly fetch manifest which@^2.0.1
608 silly fetch manifest path-key@^3.1.0
609 silly fetch manifest shebang-command@^2.0.0
610 silly placeDep ROOT doctrine@3.0.0 OK for: eslint@8.57.1 want: ^3.0.0
611 silly placeDep ROOT eslint-scope@7.2.2 OK for: eslint@8.57.1 want: ^7.2.2
612 silly fetch manifest esrecurse@^4.3.0
613 silly fetch manifest estraverse@^5.2.0
614 silly placeDep ROOT eslint-visitor-keys@3.4.3 OK for: eslint@8.57.1 want: ^3.4.3
615 silly placeDep ROOT espree@9.6.1 OK for: eslint@8.57.1 want: ^9.6.1
616 silly fetch manifest acorn@^8.9.0
617 silly fetch manifest acorn-jsx@^5.3.2
618 silly placeDep ROOT esquery@1.7.0 OK for: eslint@8.57.1 want: ^1.4.2
619 silly fetch manifest estraverse@^5.1.0
620 silly placeDep ROOT esutils@2.0.3 OK for: eslint@8.57.1 want: ^2.0.2
621 silly placeDep ROOT fast-deep-equal@3.1.3 OK for: eslint@8.57.1 want: ^3.1.3
622 silly placeDep ROOT file-entry-cache@6.0.1 OK for: eslint@8.57.1 want: ^6.0.1
623 silly fetch manifest flat-cache@^3.0.4
624 silly placeDep ROOT find-up@5.0.0 OK for: eslint@8.57.1 want: ^5.0.0
625 silly fetch manifest locate-path@^6.0.0
626 silly fetch manifest path-exists@^4.0.0
627 silly placeDep ROOT glob-parent@6.0.2 OK for: eslint@8.57.1 want: ^6.0.2
628 silly fetch manifest is-glob@^4.0.3
629 silly placeDep ROOT globals@13.24.0 OK for: eslint@8.57.1 want: ^13.19.0
630 silly fetch manifest type-fest@^0.20.2
631 silly placeDep ROOT graphemer@1.4.0 OK for: eslint@8.57.1 want: ^1.4.0
632 silly placeDep ROOT ignore@5.3.2 OK for: eslint@8.57.1 want: ^5.2.0
633 silly placeDep ROOT imurmurhash@0.1.4 OK for: eslint@8.57.1 want: ^0.1.4
634 silly placeDep ROOT is-glob@4.0.3 OK for: eslint@8.57.1 want: ^4.0.0
635 silly fetch manifest is-extglob@^2.1.1
636 silly placeDep ROOT is-path-inside@3.0.3 OK for: eslint@8.57.1 want: ^3.0.3
637 silly placeDep ROOT js-yaml@4.2.0 OK for: eslint@8.57.1 want: ^4.1.0
638 silly fetch manifest argparse@^2.0.1
639 silly placeDep ROOT json-stable-stringify-without-jsonify@1.0.1 OK for: eslint@8.57.1 want: ^1.0.1
640 silly placeDep ROOT levn@0.4.1 OK for: eslint@8.57.1 want: ^0.4.1
641 silly fetch manifest prelude-ls@^1.2.1
642 silly fetch manifest type-check@~0.4.0
643 silly placeDep ROOT lodash.merge@4.6.2 OK for: eslint@8.57.1 want: ^4.6.2
644 silly placeDep ROOT minimatch@3.1.5 OK for: eslint@8.57.1 want: ^3.1.2
645 silly fetch manifest brace-expansion@^1.1.7
646 silly placeDep ROOT natural-compare@1.4.0 OK for: eslint@8.57.1 want: ^1.4.0
647 silly placeDep ROOT optionator@0.9.4 OK for: eslint@8.57.1 want: ^0.9.3
648 silly fetch manifest deep-is@^0.1.3
649 silly fetch manifest word-wrap@^1.2.5
650 silly fetch manifest type-check@^0.4.0
651 silly fetch manifest fast-levenshtein@^2.0.6
652 silly placeDep ROOT strip-ansi@6.0.1 OK for: eslint@8.57.1 want: ^6.0.1
653 silly fetch manifest ansi-regex@^5.0.1
654 silly placeDep ROOT text-table@0.2.0 OK for: eslint@8.57.1 want: ^0.2.0
655 http fetch GET 200 https://registry.npmjs.org/json-schema-traverse 457ms (cache miss)
656 http fetch GET 200 https://registry.npmjs.org/esrecurse 451ms (cache miss)
657 http fetch GET 200 https://registry.npmjs.org/ansi-styles 466ms (cache miss)
658 http fetch GET 200 https://registry.npmjs.org/path-exists 435ms (cache miss)
659 http fetch GET 200 https://registry.npmjs.org/type-check 411ms (cache miss)
660 http fetch GET 200 https://registry.npmjs.org/shebang-command 472ms (cache miss)
661 http fetch GET 200 https://registry.npmjs.org/locate-path 443ms (cache miss)
662 http fetch GET 200 https://registry.npmjs.org/which 481ms (cache miss)
663 http fetch GET 200 https://registry.npmjs.org/uri-js 495ms (cache miss)
664 http fetch GET 200 https://registry.npmjs.org/@humanwhocodes%2fobject-schema 509ms (cache miss)
665 http fetch GET 200 https://registry.npmjs.org/fast-json-stable-stringify 496ms (cache miss)
666 http fetch GET 200 https://registry.npmjs.org/path-key 488ms (cache miss)
667 http fetch GET 200 https://registry.npmjs.org/prelude-ls 430ms (cache miss)
668 http fetch GET 200 https://registry.npmjs.org/argparse 436ms (cache miss)
669 http fetch GET 200 https://registry.npmjs.org/word-wrap 421ms (cache miss)
670 http fetch GET 200 https://registry.npmjs.org/is-extglob 444ms (cache miss)
671 http fetch GET 200 https://registry.npmjs.org/@nodelib%2ffs.scandir 514ms (cache miss)
672 http fetch GET 200 https://registry.npmjs.org/supports-color 502ms (cache miss)
673 http fetch GET 200 https://registry.npmjs.org/deep-is 427ms (cache miss)
674 http fetch GET 200 https://registry.npmjs.org/brace-expansion 433ms (cache miss)
675 http fetch GET 200 https://registry.npmjs.org/acorn-jsx 484ms (cache miss)
676 http fetch GET 200 https://registry.npmjs.org/type-check 427ms (cache miss)
677 http fetch GET 200 https://registry.npmjs.org/ansi-regex 423ms (cache miss)
678 http fetch GET 200 https://registry.npmjs.org/strip-json-comments 535ms (cache miss)
679 http fetch GET 200 https://registry.npmjs.org/fastq 525ms (cache miss)
680 http fetch GET 200 https://registry.npmjs.org/flat-cache 479ms (cache miss)
681 http fetch GET 200 https://registry.npmjs.org/fast-levenshtein 447ms (cache miss)
682 http fetch GET 200 https://registry.npmjs.org/acorn 526ms (cache miss)
683 http fetch GET 200 https://registry.npmjs.org/type-fest 538ms (cache miss)
684 timing idealTree:node_modules/eslint Completed in 714ms
685 timing idealTree:node_modules/@eslint-community/eslint-utils Completed in 0ms
686 timing idealTree:node_modules/@eslint-community/regexpp Completed in 0ms
687 silly placeDep ROOT strip-json-comments@3.1.1 OK for: @eslint/eslintrc@2.1.4 want: ^3.1.1
688 timing idealTree:node_modules/@eslint/eslintrc Completed in 2ms
689 timing idealTree:node_modules/@eslint/js Completed in 0ms
690 silly placeDep ROOT @humanwhocodes/object-schema@2.0.3 OK for: @humanwhocodes/config-array@0.13.0 want: ^2.0.3
691 timing idealTree:node_modules/@humanwhocodes/config-array Completed in 3ms
692 timing idealTree:node_modules/@humanwhocodes/module-importer Completed in 0ms
693 timing idealTree:node_modules/@humanwhocodes/object-schema Completed in 0ms
694 silly placeDep ROOT @nodelib/fs.scandir@2.1.5 OK for: @nodelib/fs.walk@1.2.8 want: 2.1.5
695 silly fetch manifest run-parallel@^1.1.9
696 silly fetch manifest @nodelib/fs.stat@2.0.5
697 silly placeDep ROOT fastq@1.20.1 OK for: @nodelib/fs.walk@1.2.8 want: ^1.6.0
698 silly fetch manifest reusify@^1.0.4
699 http fetch GET 200 https://registry.npmjs.org/run-parallel 65ms (cache miss)
700 http fetch GET 200 https://registry.npmjs.org/reusify 62ms (cache miss)
701 http fetch GET 200 https://registry.npmjs.org/@nodelib%2ffs.stat 113ms (cache miss)
702 timing idealTree:node_modules/@nodelib/fs.walk Completed in 120ms
703 silly placeDep ROOT @nodelib/fs.stat@2.0.5 OK for: @nodelib/fs.scandir@2.1.5 want: 2.0.5
704 silly placeDep ROOT run-parallel@1.2.0 OK for: @nodelib/fs.scandir@2.1.5 want: ^1.1.9
705 silly fetch manifest queue-microtask@^1.2.2
706 http fetch GET 200 https://registry.npmjs.org/queue-microtask 107ms (cache miss)
707 timing idealTree:node_modules/@nodelib/fs.scandir Completed in 114ms
708 timing idealTree:node_modules/@nodelib/fs.stat Completed in 0ms
709 timing idealTree:node_modules/@ungap/structured-clone Completed in 0ms
710 silly placeDep ROOT fast-json-stable-stringify@2.1.0 OK for: ajv@6.15.0 want: ^2.0.0
711 silly placeDep ROOT json-schema-traverse@0.4.1 OK for: ajv@6.15.0 want: ^0.4.1
712 silly placeDep ROOT uri-js@4.4.1 OK for: ajv@6.15.0 want: ^4.2.2
713 silly fetch manifest punycode@^2.1.0
714 http fetch GET 200 https://registry.npmjs.org/punycode 78ms (cache miss)
715 timing idealTree:node_modules/ajv Completed in 93ms
716 silly placeDep ROOT ansi-styles@4.3.0 OK for: chalk@4.1.2 want: ^4.1.0
717 silly fetch manifest color-convert@^2.0.1
718 silly placeDep ROOT supports-color@7.2.0 OK for: chalk@4.1.2 want: ^7.1.0
719 silly fetch manifest has-flag@^4.0.0
720 http fetch GET 200 https://registry.npmjs.org/has-flag 64ms (cache miss)
721 http fetch GET 200 https://registry.npmjs.org/color-convert 69ms (cache miss)
722 timing idealTree:node_modules/chalk Completed in 77ms
723 silly placeDep ROOT color-convert@2.0.1 OK for: ansi-styles@4.3.0 want: ^2.0.1
724 silly fetch manifest color-name@~1.1.4
725 http fetch GET 200 https://registry.npmjs.org/color-name 243ms (cache miss)
726 timing idealTree:node_modules/ansi-styles Completed in 249ms
727 silly placeDep ROOT color-name@1.1.4 OK for: color-convert@2.0.1 want: ~1.1.4
728 timing idealTree:node_modules/color-convert Completed in 4ms
729 timing idealTree:node_modules/color-name Completed in 0ms
730 silly placeDep ROOT path-key@3.1.1 OK for: cross-spawn@7.0.6 want: ^3.1.0
731 silly placeDep ROOT shebang-command@2.0.0 OK for: cross-spawn@7.0.6 want: ^2.0.0
732 silly fetch manifest shebang-regex@^3.0.0
733 silly placeDep ROOT which@2.0.2 OK for: cross-spawn@7.0.6 want: ^2.0.1
734 silly fetch manifest isexe@^2.0.0
735 http fetch GET 200 https://registry.npmjs.org/isexe 245ms (cache miss)
736 http fetch GET 200 https://registry.npmjs.org/shebang-regex 254ms (cache miss)
737 timing idealTree:node_modules/cross-spawn Completed in 263ms
738 timing idealTree:node_modules/doctrine Completed in 1ms
739 silly placeDep ROOT array-includes@3.1.9 OK for: eslint-plugin-react@7.37.5 want: ^3.1.8
740 silly fetch manifest call-bind@^1.0.8
741 silly fetch manifest call-bound@^1.0.4
742 silly fetch manifest define-properties@^1.2.1
743 silly fetch manifest es-abstract@^1.24.0
744 silly fetch manifest es-object-atoms@^1.1.1
745 silly fetch manifest get-intrinsic@^1.3.0
746 silly fetch manifest is-string@^1.1.1
747 silly fetch manifest math-intrinsics@^1.1.0
748 silly placeDep ROOT array.prototype.findlast@1.2.5 OK for: eslint-plugin-react@7.37.5 want: ^1.2.5
749 silly fetch manifest call-bind@^1.0.7
750 silly fetch manifest es-abstract@^1.23.2
751 silly fetch manifest es-object-atoms@^1.0.0
752 silly fetch manifest es-shim-unscopables@^1.0.2
753 silly placeDep ROOT array.prototype.flatmap@1.3.3 OK for: eslint-plugin-react@7.37.5 want: ^1.3.3
754 silly fetch manifest es-abstract@^1.23.5
755 silly placeDep ROOT array.prototype.tosorted@1.1.4 OK for: eslint-plugin-react@7.37.5 want: ^1.1.4
756 silly fetch manifest es-abstract@^1.23.3
757 silly placeDep node_modules/eslint-plugin-react doctrine@2.1.0 OK for: eslint-plugin-react@7.37.5 want: ^2.1.0
758 silly placeDep ROOT es-iterator-helpers@1.3.3 OK for: eslint-plugin-react@7.37.5 want: ^1.2.1
759 silly fetch manifest gopd@^1.2.0
760 silly fetch manifest call-bind@^1.0.9
761 silly fetch manifest has-proto@^1.2.0
762 silly fetch manifest globalthis@^1.0.4
763 silly fetch manifest es-abstract@^1.24.2
764 silly fetch manifest has-symbols@^1.1.0
765 silly fetch manifest function-bind@^1.1.2
766 silly fetch manifest internal-slot@^1.1.0
767 silly fetch manifest es-set-tostringtag@^2.1.0
768 silly fetch manifest iterator.prototype@^1.1.5
769 silly fetch manifest has-property-descriptors@^1.0.2
770 silly placeDep ROOT estraverse@5.3.0 OK for: eslint-plugin-react@7.37.5 want: ^5.3.0
771 silly placeDep ROOT hasown@2.0.4 OK for: eslint-plugin-react@7.37.5 want: ^2.0.2
772 silly placeDep ROOT jsx-ast-utils@3.3.5 OK for: eslint-plugin-react@7.37.5 want: ^2.4.1 || ^3.0.0
773 silly fetch manifest array.prototype.flat@^1.3.1
774 silly fetch manifest object.assign@^4.1.4
775 silly fetch manifest object.values@^1.1.6
776 silly placeDep ROOT object.entries@1.1.9 OK for: eslint-plugin-react@7.37.5 want: ^1.1.9
777 silly placeDep ROOT object.fromentries@2.0.8 OK for: eslint-plugin-react@7.37.5 want: ^2.0.8
778 silly placeDep ROOT object.values@1.2.1 OK for: eslint-plugin-react@7.37.5 want: ^1.2.1
779 silly fetch manifest call-bound@^1.0.3
780 silly placeDep node_modules/eslint-plugin-react resolve@2.0.0-next.7 OK for: eslint-plugin-react@7.37.5 want: ^2.0.0-next.5
781 silly fetch manifest is-core-module@^2.16.2
782 silly fetch manifest node-exports-info@^1.6.0
783 silly fetch manifest object-keys@^1.1.1
784 silly placeDep ROOT string.prototype.matchall@4.0.12 OK for: eslint-plugin-react@7.37.5 want: ^4.0.12
785 silly fetch manifest es-abstract@^1.23.6
786 silly fetch manifest get-intrinsic@^1.2.6
787 silly fetch manifest regexp.prototype.flags@^1.5.3
788 silly fetch manifest set-function-name@^2.0.2
789 silly fetch manifest side-channel@^1.1.0
790 silly placeDep ROOT string.prototype.repeat@1.0.0 OK for: eslint-plugin-react@7.37.5 want: ^1.0.0
791 silly fetch manifest define-properties@^1.1.3
792 silly fetch manifest es-abstract@^1.17.5
793 http fetch GET 200 https://registry.npmjs.org/gopd 2599ms (cache miss)
794 http fetch GET 200 https://registry.npmjs.org/get-intrinsic 2626ms (cache miss)
795 http fetch GET 200 https://registry.npmjs.org/es-object-atoms 2642ms (cache miss)
796 http fetch GET 200 https://registry.npmjs.org/math-intrinsics 2637ms (cache miss)
797 http fetch GET 200 https://registry.npmjs.org/call-bind 2649ms (cache miss)
798 http fetch GET 200 https://registry.npmjs.org/function-bind 2615ms (cache miss)
799 http fetch GET 200 https://registry.npmjs.org/iterator.prototype 2613ms (cache miss)
800 http fetch GET 200 https://registry.npmjs.org/globalthis 2624ms (cache miss)
801 http fetch GET 200 https://registry.npmjs.org/define-properties 2661ms (cache miss)
802 http fetch GET 200 https://registry.npmjs.org/is-string 2655ms (cache miss)
803 http fetch GET 200 https://registry.npmjs.org/regexp.prototype.flags 2579ms (cache miss)
804 http fetch GET 200 https://registry.npmjs.org/es-object-atoms 2651ms (cache miss)
805 http fetch GET 200 https://registry.npmjs.org/call-bound 2669ms (cache miss)
806 http fetch GET 200 https://registry.npmjs.org/has-proto 2635ms (cache miss)
807 http fetch GET 200 https://registry.npmjs.org/set-function-name 2583ms (cache miss)
808 http fetch GET 200 https://registry.npmjs.org/es-set-tostringtag 2630ms (cache miss)
809 http fetch GET 200 https://registry.npmjs.org/call-bind 2640ms (cache miss)
810 http fetch GET 200 https://registry.npmjs.org/has-symbols 2636ms (cache miss)
811 http fetch GET 200 https://registry.npmjs.org/get-intrinsic 2598ms (cache miss)
812 http fetch GET 200 https://registry.npmjs.org/array.prototype.flat 2626ms (cache miss)
813 http fetch GET 200 https://registry.npmjs.org/has-property-descriptors 2635ms (cache miss)
814 http fetch GET 200 https://registry.npmjs.org/call-bind 2676ms (cache miss)
815 http fetch GET 200 https://registry.npmjs.org/side-channel 2601ms (cache miss)
816 http fetch GET 200 https://registry.npmjs.org/node-exports-info 2623ms (cache miss)
817 http fetch GET 200 https://registry.npmjs.org/call-bound 2629ms (cache miss)
818 http fetch GET 200 https://registry.npmjs.org/es-shim-unscopables 2675ms (cache miss)
819 http fetch GET 200 https://registry.npmjs.org/object.assign 2639ms (cache miss)
820 http fetch GET 200 https://registry.npmjs.org/object-keys 2625ms (cache miss)
821 http fetch GET 200 https://registry.npmjs.org/define-properties 2606ms (cache miss)
822 http fetch GET 200 https://registry.npmjs.org/internal-slot 2662ms (cache miss)
823 http fetch GET 200 https://registry.npmjs.org/es-abstract 2708ms (cache miss)
824 http fetch GET 200 https://registry.npmjs.org/es-abstract 2703ms (cache miss)
825 http fetch GET 200 https://registry.npmjs.org/es-abstract 2715ms (cache miss)
826 http fetch GET 200 https://registry.npmjs.org/es-abstract 2703ms (cache miss)
827 http fetch GET 200 https://registry.npmjs.org/es-abstract 2669ms (cache miss)
828 http fetch GET 200 https://registry.npmjs.org/es-abstract 2656ms (cache miss)
829 http fetch GET 200 https://registry.npmjs.org/es-abstract 2751ms (cache miss)
830 timing idealTree:node_modules/eslint-plugin-react Completed in 2767ms
831 silly placeDep ROOT call-bind@1.0.9 OK for: array-includes@3.1.9 want: ^1.0.8
832 silly fetch manifest call-bind-apply-helpers@^1.0.2
833 silly fetch manifest es-define-property@^1.0.1
834 silly fetch manifest set-function-length@^1.2.2
835 silly placeDep ROOT call-bound@1.0.4 OK for: array-includes@3.1.9 want: ^1.0.4
836 silly placeDep ROOT define-properties@1.2.1 OK for: array-includes@3.1.9 want: ^1.2.1
837 silly fetch manifest define-data-property@^1.0.1
838 silly fetch manifest has-property-descriptors@^1.0.0
839 silly placeDep ROOT es-abstract@1.24.2 OK for: array-includes@3.1.9 want: ^1.24.0
840 silly fetch manifest array-buffer-byte-length@^1.0.2
841 silly fetch manifest arraybuffer.prototype.slice@^1.0.4
842 silly fetch manifest available-typed-arrays@^1.0.7
843 silly fetch manifest data-view-buffer@^1.0.2
844 silly fetch manifest data-view-byte-length@^1.0.2
845 silly fetch manifest data-view-byte-offset@^1.0.1
846 silly fetch manifest es-to-primitive@^1.3.0
847 silly fetch manifest function.prototype.name@^1.1.8
848 silly fetch manifest get-proto@^1.0.1
849 silly fetch manifest get-symbol-description@^1.1.0
850 silly fetch manifest is-array-buffer@^3.0.5
851 silly fetch manifest is-callable@^1.2.7
852 silly fetch manifest is-data-view@^1.0.2
853 silly fetch manifest is-negative-zero@^2.0.3
854 silly fetch manifest is-regex@^1.2.1
855 silly fetch manifest is-set@^2.0.3
856 silly fetch manifest is-shared-array-buffer@^1.0.4
857 silly fetch manifest is-typed-array@^1.1.15
858 silly fetch manifest is-weakref@^1.1.1
859 silly fetch manifest object-inspect@^1.13.4
860 silly fetch manifest object.assign@^4.1.7
861 silly fetch manifest own-keys@^1.0.1
862 silly fetch manifest regexp.prototype.flags@^1.5.4
863 silly fetch manifest safe-array-concat@^1.1.3
864 silly fetch manifest safe-push-apply@^1.0.0
865 silly fetch manifest safe-regex-test@^1.1.0
866 silly fetch manifest set-proto@^1.0.0
867 silly fetch manifest stop-iteration-iterator@^1.1.0
868 silly fetch manifest string.prototype.trim@^1.2.10
869 silly fetch manifest string.prototype.trimend@^1.0.9
870 silly fetch manifest string.prototype.trimstart@^1.0.8
871 silly fetch manifest typed-array-buffer@^1.0.3
872 silly fetch manifest typed-array-byte-length@^1.0.3
873 silly fetch manifest typed-array-byte-offset@^1.0.4
874 silly fetch manifest typed-array-length@^1.0.7
875 silly fetch manifest unbox-primitive@^1.1.0
876 silly fetch manifest which-typed-array@^1.1.19
877 silly placeDep ROOT es-object-atoms@1.1.2 OK for: array-includes@3.1.9 want: ^1.1.1
878 silly placeDep ROOT get-intrinsic@1.3.0 OK for: array-includes@3.1.9 want: ^1.3.0
879 silly placeDep ROOT is-string@1.1.1 OK for: array-includes@3.1.9 want: ^1.1.1
880 silly fetch manifest has-tostringtag@^1.0.2
881 silly placeDep ROOT math-intrinsics@1.1.0 OK for: array-includes@3.1.9 want: ^1.1.0
882 http fetch GET 200 https://registry.npmjs.org/set-function-length 530ms (cache miss)
883 http fetch GET 200 https://registry.npmjs.org/es-define-property 551ms (cache miss)
884 http fetch GET 200 https://registry.npmjs.org/array-buffer-byte-length 533ms (cache miss)
885 http fetch GET 200 https://registry.npmjs.org/call-bind-apply-helpers 562ms (cache miss)
886 http fetch GET 200 https://registry.npmjs.org/define-data-property 551ms (cache miss)
887 http fetch GET 200 https://registry.npmjs.org/arraybuffer.prototype.slice 548ms (cache miss)
888 http fetch GET 200 https://registry.npmjs.org/available-typed-arrays 642ms (cache miss)
889 http fetch GET 200 https://registry.npmjs.org/data-view-buffer 741ms (cache miss)
890 http fetch GET 200 https://registry.npmjs.org/data-view-byte-length 1454ms (cache miss)
891 http fetch GET 200 https://registry.npmjs.org/get-proto 1453ms (cache miss)
892 http fetch GET 200 https://registry.npmjs.org/get-symbol-description 1453ms (cache miss)
893 http fetch GET 200 https://registry.npmjs.org/is-negative-zero 1448ms (cache miss)
894 http fetch GET 200 https://registry.npmjs.org/data-view-byte-offset 1464ms (cache miss)
895 http fetch GET 200 https://registry.npmjs.org/is-callable 1458ms (cache miss)
896 http fetch GET 200 https://registry.npmjs.org/es-to-primitive 1466ms (cache miss)
897 http fetch GET 200 https://registry.npmjs.org/is-data-view 1460ms (cache miss)
898 http fetch GET 200 https://registry.npmjs.org/is-regex 1460ms (cache miss)
899 http fetch GET 200 https://registry.npmjs.org/is-weakref 1456ms (cache miss)
900 http fetch GET 200 https://registry.npmjs.org/is-set 1462ms (cache miss)
901 http fetch GET 200 https://registry.npmjs.org/is-array-buffer 1471ms (cache miss)
902 http fetch GET 200 https://registry.npmjs.org/is-typed-array 1462ms (cache miss)
903 http fetch GET 200 https://registry.npmjs.org/is-shared-array-buffer 1467ms (cache miss)
904 http fetch GET 200 https://registry.npmjs.org/own-keys 1460ms (cache miss)
905 http fetch GET 200 https://registry.npmjs.org/function.prototype.name 1482ms (cache miss)
906 http fetch GET 200 https://registry.npmjs.org/object-inspect 1468ms (cache miss)
907 http fetch GET 200 https://registry.npmjs.org/safe-array-concat 1475ms (cache miss)
908 http fetch GET 200 https://registry.npmjs.org/stop-iteration-iterator 1471ms (cache miss)
909 http fetch GET 200 https://registry.npmjs.org/set-proto 1475ms (cache miss)
910 http fetch GET 200 https://registry.npmjs.org/typed-array-byte-length 1471ms (cache miss)
911 http fetch GET 200 https://registry.npmjs.org/typed-array-buffer 1475ms (cache miss)
912 http fetch GET 200 https://registry.npmjs.org/safe-push-apply 1489ms (cache miss)
913 http fetch GET 200 https://registry.npmjs.org/safe-regex-test 1488ms (cache miss)
914 http fetch GET 200 https://registry.npmjs.org/has-tostringtag 1459ms (cache miss)
915 http fetch GET 200 https://registry.npmjs.org/string.prototype.trim 1486ms (cache miss)
916 http fetch GET 200 https://registry.npmjs.org/typed-array-length 1477ms (cache miss)
917 http fetch GET 200 https://registry.npmjs.org/typed-array-byte-offset 1480ms (cache miss)
918 http fetch GET 200 https://registry.npmjs.org/which-typed-array 1476ms (cache miss)
919 http fetch GET 200 https://registry.npmjs.org/unbox-primitive 1480ms (cache miss)
920 http fetch GET 200 https://registry.npmjs.org/string.prototype.trimstart 1492ms (cache miss)
921 http fetch GET 200 https://registry.npmjs.org/string.prototype.trimend 1496ms (cache miss)
922 timing idealTree:node_modules/array-includes Completed in 1571ms
923 silly placeDep ROOT es-errors@1.3.0 OK for: array.prototype.findlast@1.2.5 want: ^1.3.0
924 silly placeDep ROOT es-shim-unscopables@1.1.0 OK for: array.prototype.findlast@1.2.5 want: ^1.0.2
925 timing idealTree:node_modules/array.prototype.findlast Completed in 8ms
926 timing idealTree:node_modules/array.prototype.flatmap Completed in 0ms
927 timing idealTree:node_modules/array.prototype.tosorted Completed in 0ms
928 silly placeDep ROOT call-bind-apply-helpers@1.0.2 OK for: call-bind@1.0.9 want: ^1.0.2
929 silly placeDep ROOT es-define-property@1.0.1 OK for: call-bind@1.0.9 want: ^1.0.1
930 silly placeDep ROOT set-function-length@1.2.2 OK for: call-bind@1.0.9 want: ^1.2.2
931 silly fetch manifest define-data-property@^1.1.4
932 silly fetch manifest gopd@^1.0.1
933 timing idealTree:node_modules/call-bind Completed in 13ms
934 silly placeDep ROOT function-bind@1.1.2 OK for: call-bind-apply-helpers@1.0.2 want: ^1.1.2
935 timing idealTree:node_modules/call-bind-apply-helpers Completed in 2ms
936 timing idealTree:node_modules/call-bound Completed in 0ms
937 silly placeDep ROOT define-data-property@1.1.4 OK for: define-properties@1.2.1 want: ^1.0.1
938 silly placeDep ROOT has-property-descriptors@1.0.2 OK for: define-properties@1.2.1 want: ^1.0.0
939 silly placeDep ROOT object-keys@1.1.1 OK for: define-properties@1.2.1 want: ^1.1.1
940 timing idealTree:node_modules/define-properties Completed in 8ms
941 silly placeDep ROOT gopd@1.2.0 OK for: define-data-property@1.1.4 want: ^1.0.1
942 timing idealTree:node_modules/define-data-property Completed in 4ms
943 silly placeDep ROOT array-buffer-byte-length@1.0.2 OK for: es-abstract@1.24.2 want: ^1.0.2
944 silly placeDep ROOT arraybuffer.prototype.slice@1.0.4 OK for: es-abstract@1.24.2 want: ^1.0.4
945 silly fetch manifest is-array-buffer@^3.0.4
946 silly placeDep ROOT available-typed-arrays@1.0.7 OK for: es-abstract@1.24.2 want: ^1.0.7
947 silly fetch manifest possible-typed-array-names@^1.0.0
948 silly placeDep ROOT data-view-buffer@1.0.2 OK for: es-abstract@1.24.2 want: ^1.0.2
949 silly placeDep ROOT data-view-byte-length@1.0.2 OK for: es-abstract@1.24.2 want: ^1.0.2
950 silly placeDep ROOT data-view-byte-offset@1.0.1 OK for: es-abstract@1.24.2 want: ^1.0.1
951 silly fetch manifest is-data-view@^1.0.1
952 silly placeDep ROOT es-set-tostringtag@2.1.0 OK for: es-abstract@1.24.2 want: ^2.1.0
953 silly placeDep ROOT es-to-primitive@1.3.1 OK for: es-abstract@1.24.2 want: ^1.3.0
954 silly fetch manifest is-symbol@^1.1.1
955 silly fetch manifest is-date-object@^1.1.0
956 silly fetch manifest es-abstract-get@^1.0.0
957 silly placeDep ROOT function.prototype.name@1.2.0 OK for: es-abstract@1.24.2 want: ^1.1.8
958 silly fetch manifest is-document.all@^1.0.0
959 silly fetch manifest functions-have-names@^1.2.3
960 silly placeDep ROOT get-proto@1.0.1 OK for: es-abstract@1.24.2 want: ^1.0.1
961 silly fetch manifest dunder-proto@^1.0.1
962 silly placeDep ROOT get-symbol-description@1.1.0 OK for: es-abstract@1.24.2 want: ^1.1.0
963 silly placeDep ROOT globalthis@1.0.4 OK for: es-abstract@1.24.2 want: ^1.0.4
964 silly placeDep ROOT has-proto@1.2.0 OK for: es-abstract@1.24.2 want: ^1.2.0
965 silly fetch manifest dunder-proto@^1.0.0
966 silly placeDep ROOT has-symbols@1.1.0 OK for: es-abstract@1.24.2 want: ^1.1.0
967 silly placeDep ROOT internal-slot@1.1.0 OK for: es-abstract@1.24.2 want: ^1.1.0
968 silly placeDep ROOT is-array-buffer@3.0.5 OK for: es-abstract@1.24.2 want: ^3.0.5
969 silly placeDep ROOT is-callable@1.2.7 OK for: es-abstract@1.24.2 want: ^1.2.7
970 silly placeDep ROOT is-data-view@1.0.2 OK for: es-abstract@1.24.2 want: ^1.0.2
971 silly fetch manifest is-typed-array@^1.1.13
972 silly placeDep ROOT is-negative-zero@2.0.3 OK for: es-abstract@1.24.2 want: ^2.0.3
973 silly placeDep ROOT is-regex@1.2.1 OK for: es-abstract@1.24.2 want: ^1.2.1
974 silly placeDep ROOT is-set@2.0.3 OK for: es-abstract@1.24.2 want: ^2.0.3
975 silly placeDep ROOT is-shared-array-buffer@1.0.4 OK for: es-abstract@1.24.2 want: ^1.0.4
976 silly placeDep ROOT is-typed-array@1.1.15 OK for: es-abstract@1.24.2 want: ^1.1.15
977 silly fetch manifest which-typed-array@^1.1.16
978 silly placeDep ROOT is-weakref@1.1.1 OK for: es-abstract@1.24.2 want: ^1.1.1
979 silly placeDep ROOT object-inspect@1.13.4 OK for: es-abstract@1.24.2 want: ^1.13.4
980 silly placeDep ROOT object.assign@4.1.7 OK for: es-abstract@1.24.2 want: ^4.1.7
981 silly placeDep ROOT own-keys@1.0.1 OK for: es-abstract@1.24.2 want: ^1.0.1
982 silly placeDep ROOT regexp.prototype.flags@1.5.4 OK for: es-abstract@1.24.2 want: ^1.5.4
983 silly placeDep ROOT safe-array-concat@1.1.4 OK for: es-abstract@1.24.2 want: ^1.1.3
984 silly fetch manifest isarray@^2.0.5
985 silly placeDep ROOT safe-push-apply@1.0.0 OK for: es-abstract@1.24.2 want: ^1.0.0
986 silly placeDep ROOT safe-regex-test@1.1.0 OK for: es-abstract@1.24.2 want: ^1.1.0
987 silly placeDep ROOT set-proto@1.0.0 OK for: es-abstract@1.24.2 want: ^1.0.0
988 silly placeDep ROOT stop-iteration-iterator@1.1.0 OK for: es-abstract@1.24.2 want: ^1.1.0
989 silly placeDep ROOT string.prototype.trim@1.2.11 OK for: es-abstract@1.24.2 want: ^1.2.10
990 silly placeDep ROOT string.prototype.trimend@1.0.10 OK for: es-abstract@1.24.2 want: ^1.0.9
991 silly placeDep ROOT string.prototype.trimstart@1.0.8 OK for: es-abstract@1.24.2 want: ^1.0.8
992 silly placeDep ROOT typed-array-buffer@1.0.3 OK for: es-abstract@1.24.2 want: ^1.0.3
993 silly placeDep ROOT typed-array-byte-length@1.0.3 OK for: es-abstract@1.24.2 want: ^1.0.3
994 silly fetch manifest for-each@^0.3.3
995 silly placeDep ROOT typed-array-byte-offset@1.0.4 OK for: es-abstract@1.24.2 want: ^1.0.4
996 silly fetch manifest reflect.getprototypeof@^1.0.9
997 silly placeDep ROOT typed-array-length@1.0.8 OK for: es-abstract@1.24.2 want: ^1.0.7
998 silly fetch manifest for-each@^0.3.5
999 silly fetch manifest possible-typed-array-names@^1.1.0
1000 silly fetch manifest reflect.getprototypeof@^1.0.10
1001 silly placeDep ROOT unbox-primitive@1.1.0 OK for: es-abstract@1.24.2 want: ^1.1.0
1002 silly fetch manifest has-bigints@^1.0.2
1003 silly fetch manifest which-boxed-primitive@^1.1.1
1004 silly placeDep ROOT which-typed-array@1.1.22 OK for: es-abstract@1.24.2 want: ^1.1.19
1005 http fetch GET 200 https://registry.npmjs.org/is-document.all 309ms (cache miss)
1006 http fetch GET 200 https://registry.npmjs.org/es-abstract-get 318ms (cache miss)
1007 http fetch GET 200 https://registry.npmjs.org/dunder-proto 300ms (cache miss)
1008 http fetch GET 200 https://registry.npmjs.org/functions-have-names 312ms (cache miss)
1009 http fetch GET 200 https://registry.npmjs.org/isarray 264ms (cache miss)
1010 http fetch GET 200 https://registry.npmjs.org/reflect.getprototypeof 234ms (cache miss)
1011 http fetch GET 200 https://registry.npmjs.org/is-symbol 326ms (cache miss)
1012 http fetch GET 200 https://registry.npmjs.org/is-date-object 325ms (cache miss)
1013 http fetch GET 200 https://registry.npmjs.org/has-bigints 229ms (cache miss)
1014 http fetch GET 200 https://registry.npmjs.org/possible-typed-array-names 346ms (cache miss)
1015 http fetch GET 200 https://registry.npmjs.org/for-each 243ms (cache miss)
1016 http fetch GET 200 https://registry.npmjs.org/dunder-proto 318ms (cache miss)
1017 http fetch GET 200 https://registry.npmjs.org/reflect.getprototypeof 238ms (cache miss)
1018 http fetch GET 200 https://registry.npmjs.org/possible-typed-array-names 240ms (cache miss)
1019 http fetch GET 200 https://registry.npmjs.org/for-each 243ms (cache miss)
1020 http fetch GET 200 https://registry.npmjs.org/which-boxed-primitive 238ms (cache miss)
1021 timing idealTree:node_modules/es-abstract Completed in 392ms
1022 timing idealTree:node_modules/array-buffer-byte-length Completed in 0ms
1023 timing idealTree:node_modules/arraybuffer.prototype.slice Completed in 0ms
1024 silly placeDep ROOT possible-typed-array-names@1.1.0 OK for: available-typed-arrays@1.0.7 want: ^1.0.0
1025 timing idealTree:node_modules/available-typed-arrays Completed in 3ms
1026 timing idealTree:node_modules/data-view-buffer Completed in 0ms
1027 timing idealTree:node_modules/data-view-byte-length Completed in 0ms
1028 timing idealTree:node_modules/data-view-byte-offset Completed in 0ms
1029 timing idealTree:node_modules/es-define-property Completed in 0ms
1030 timing idealTree:node_modules/es-errors Completed in 0ms
1031 silly placeDep ROOT iterator.prototype@1.1.5 OK for: es-iterator-helpers@1.3.3 want: ^1.1.5
1032 timing idealTree:node_modules/es-iterator-helpers Completed in 4ms
1033 timing idealTree:node_modules/es-object-atoms Completed in 0ms
1034 silly placeDep ROOT has-tostringtag@1.0.2 OK for: es-set-tostringtag@2.1.0 want: ^1.0.2
1035 timing idealTree:node_modules/es-set-tostringtag Completed in 3ms
1036 timing idealTree:node_modules/es-shim-unscopables Completed in 0ms
1037 silly placeDep ROOT es-abstract-get@1.0.0 OK for: es-to-primitive@1.3.1 want: ^1.0.0
1038 silly placeDep ROOT is-date-object@1.1.0 OK for: es-to-primitive@1.3.1 want: ^1.1.0
1039 silly placeDep ROOT is-symbol@1.1.1 OK for: es-to-primitive@1.3.1 want: ^1.1.1
1040 timing idealTree:node_modules/es-to-primitive Completed in 5ms
1041 timing idealTree:node_modules/es-abstract-get Completed in 0ms
1042 timing idealTree:node_modules/eslint-plugin-react-hooks Completed in 0ms
1043 timing idealTree:node_modules/eslint-plugin-react-refresh Completed in 0ms
1044 silly placeDep ROOT esrecurse@4.3.0 OK for: eslint-scope@7.2.2 want: ^4.3.0
1045 timing idealTree:node_modules/eslint-scope Completed in 2ms
1046 timing idealTree:node_modules/eslint-visitor-keys Completed in 0ms
1047 silly placeDep ROOT acorn@8.17.0 OK for: espree@9.6.1 want: ^8.9.0
1048 silly placeDep ROOT acorn-jsx@5.3.2 OK for: espree@9.6.1 want: ^5.3.2
1049 timing idealTree:node_modules/espree Completed in 10ms
1050 timing idealTree:node_modules/acorn Completed in 0ms
1051 timing idealTree:node_modules/acorn-jsx Completed in 0ms
1052 timing idealTree:node_modules/esquery Completed in 0ms
1053 timing idealTree:node_modules/esrecurse Completed in 0ms
1054 timing idealTree:node_modules/estraverse Completed in 0ms
1055 timing idealTree:node_modules/esutils Completed in 0ms
1056 timing idealTree:node_modules/fast-deep-equal Completed in 0ms
1057 timing idealTree:node_modules/fast-json-stable-stringify Completed in 0ms
1058 silly placeDep ROOT reusify@1.1.0 OK for: fastq@1.20.1 want: ^1.0.4
1059 timing idealTree:node_modules/fastq Completed in 3ms
1060 silly placeDep ROOT flat-cache@3.2.0 OK for: file-entry-cache@6.0.1 want: ^3.0.4
1061 silly fetch manifest keyv@^4.5.3
1062 silly fetch manifest rimraf@^3.0.2
1063 silly fetch manifest flatted@^3.2.9
1064 http fetch GET 200 https://registry.npmjs.org/rimraf 93ms (cache miss)
1065 http fetch GET 200 https://registry.npmjs.org/keyv 97ms (cache miss)
1066 http fetch GET 200 https://registry.npmjs.org/flatted 102ms (cache miss)
1067 timing idealTree:node_modules/file-entry-cache Completed in 110ms
1068 timing idealTree:node_modules/find-root Completed in 0ms
1069 silly placeDep ROOT locate-path@6.0.0 OK for: find-up@5.0.0 want: ^6.0.0
1070 silly fetch manifest p-locate@^5.0.0
1071 silly placeDep ROOT path-exists@4.0.0 OK for: find-up@5.0.0 want: ^4.0.0
1072 http fetch GET 200 https://registry.npmjs.org/p-locate 55ms (cache miss)
1073 timing idealTree:node_modules/find-up Completed in 60ms
1074 silly placeDep ROOT flatted@3.4.2 OK for: flat-cache@3.2.0 want: ^3.2.9
1075 silly placeDep ROOT keyv@4.5.4 OK for: flat-cache@3.2.0 want: ^4.5.3
1076 silly fetch manifest json-buffer@3.0.1
1077 silly placeDep ROOT rimraf@3.0.2 OK for: flat-cache@3.2.0 want: ^3.0.2
1078 silly fetch manifest glob@^7.1.3
1079 http fetch GET 200 https://registry.npmjs.org/json-buffer 49ms (cache miss)
1080 http fetch GET 200 https://registry.npmjs.org/glob 50ms (cache miss)
1081 timing idealTree:node_modules/flat-cache Completed in 64ms
1082 timing idealTree:node_modules/flatted Completed in 0ms
1083 timing idealTree:node_modules/function-bind Completed in 0ms
1084 silly placeDep ROOT functions-have-names@1.2.3 OK for: function.prototype.name@1.2.0 want: ^1.2.3
1085 silly placeDep ROOT is-document.all@1.0.0 OK for: function.prototype.name@1.2.0 want: ^1.0.0
1086 timing idealTree:node_modules/function.prototype.name Completed in 5ms
1087 timing idealTree:node_modules/functions-have-names Completed in 0ms
1088 timing idealTree:node_modules/gensync Completed in 0ms
1089 timing idealTree:node_modules/get-intrinsic Completed in 0ms
1090 silly placeDep ROOT dunder-proto@1.0.1 OK for: get-proto@1.0.1 want: ^1.0.1
1091 timing idealTree:node_modules/get-proto Completed in 3ms
1092 timing idealTree:node_modules/dunder-proto Completed in 0ms
1093 timing idealTree:node_modules/get-symbol-description Completed in 0ms
1094 timing idealTree:node_modules/glob-parent Completed in 0ms
1095 silly placeDep ROOT type-fest@0.20.2 OK for: globals@13.24.0 want: ^0.20.2
1096 timing idealTree:node_modules/globals Completed in 2ms
1097 timing idealTree:node_modules/globalthis Completed in 0ms
1098 timing idealTree:node_modules/gopd Completed in 0ms
1099 timing idealTree:node_modules/graphemer Completed in 0ms
1100 timing idealTree:node_modules/has-property-descriptors Completed in 1ms
1101 timing idealTree:node_modules/has-proto Completed in 0ms
1102 timing idealTree:node_modules/has-symbols Completed in 0ms
1103 timing idealTree:node_modules/has-tostringtag Completed in 0ms
1104 timing idealTree:node_modules/hasown Completed in 0ms
1105 silly placeDep node_modules/hoist-non-react-statics react-is@16.13.1 OK for: hoist-non-react-statics@3.3.2 want: ^16.7.0
1106 timing idealTree:node_modules/hoist-non-react-statics Completed in 2ms
1107 timing idealTree:node_modules/ignore Completed in 0ms
1108 silly placeDep ROOT parent-module@1.0.1 OK for: import-fresh@3.3.1 want: ^1.0.0
1109 silly fetch manifest callsites@^3.0.0
1110 silly placeDep ROOT resolve-from@4.0.0 OK for: import-fresh@3.3.1 want: ^4.0.0
1111 http fetch GET 200 https://registry.npmjs.org/callsites 62ms (cache miss)
1112 timing idealTree:node_modules/import-fresh Completed in 67ms
1113 timing idealTree:node_modules/imurmurhash Completed in 0ms
1114 silly placeDep ROOT side-channel@1.1.1 OK for: internal-slot@1.1.0 want: ^1.1.0
1115 silly fetch manifest side-channel-list@^1.0.1
1116 silly fetch manifest side-channel-map@^1.0.1
1117 silly fetch manifest side-channel-weakmap@^1.0.2
1118 http fetch GET 200 https://registry.npmjs.org/side-channel-list 37ms (cache miss)
1119 http fetch GET 200 https://registry.npmjs.org/side-channel-map 54ms (cache miss)
1120 http fetch GET 200 https://registry.npmjs.org/side-channel-weakmap 55ms (cache miss)
1121 timing idealTree:node_modules/internal-slot Completed in 60ms
1122 timing idealTree:node_modules/is-array-buffer Completed in 0ms
1123 timing idealTree:node_modules/is-callable Completed in 0ms
1124 timing idealTree:node_modules/is-data-view Completed in 0ms
1125 timing idealTree:node_modules/is-date-object Completed in 0ms
1126 timing idealTree:node_modules/is-document.all Completed in 0ms
1127 silly placeDep ROOT is-extglob@2.1.1 OK for: is-glob@4.0.3 want: ^2.1.1
1128 timing idealTree:node_modules/is-glob Completed in 3ms
1129 timing idealTree:node_modules/is-extglob Completed in 0ms
1130 timing idealTree:node_modules/is-negative-zero Completed in 0ms
1131 timing idealTree:node_modules/is-path-inside Completed in 0ms
1132 timing idealTree:node_modules/is-regex Completed in 0ms
1133 timing idealTree:node_modules/is-set Completed in 0ms
1134 timing idealTree:node_modules/is-shared-array-buffer Completed in 0ms
1135 timing idealTree:node_modules/is-string Completed in 0ms
1136 timing idealTree:node_modules/is-symbol Completed in 0ms
1137 timing idealTree:node_modules/is-typed-array Completed in 0ms
1138 timing idealTree:node_modules/is-weakref Completed in 0ms
1139 silly placeDep ROOT set-function-name@2.0.2 OK for: iterator.prototype@1.1.5 want: ^2.0.2
1140 timing idealTree:node_modules/iterator.prototype Completed in 4ms
1141 timing idealTree:node_modules/js-tokens Completed in 0ms
1142 silly placeDep ROOT argparse@2.0.1 OK for: js-yaml@4.2.0 want: ^2.0.1
1143 timing idealTree:node_modules/js-yaml Completed in 2ms
1144 timing idealTree:node_modules/argparse Completed in 0ms
1145 timing idealTree:node_modules/jsesc Completed in 0ms
1146 timing idealTree:node_modules/json-schema-traverse Completed in 0ms
1147 timing idealTree:node_modules/json-stable-stringify-without-jsonify Completed in 0ms
1148 timing idealTree:node_modules/json5 Completed in 0ms
1149 silly placeDep ROOT array.prototype.flat@1.3.3 OK for: jsx-ast-utils@3.3.5 want: ^1.3.1
1150 timing idealTree:node_modules/jsx-ast-utils Completed in 4ms
1151 timing idealTree:node_modules/array.prototype.flat Completed in 1ms
1152 silly placeDep ROOT json-buffer@3.0.1 OK for: keyv@4.5.4 want: 3.0.1
1153 timing idealTree:node_modules/keyv Completed in 4ms
1154 timing idealTree:node_modules/json-buffer Completed in 0ms
1155 silly placeDep ROOT prelude-ls@1.2.1 OK for: levn@0.4.1 want: ^1.2.1
1156 silly placeDep ROOT type-check@0.4.0 OK for: levn@0.4.1 want: ~0.4.0
1157 timing idealTree:node_modules/levn Completed in 6ms
1158 silly placeDep ROOT p-locate@5.0.0 OK for: locate-path@6.0.0 want: ^5.0.0
1159 silly fetch manifest p-limit@^3.0.2
1160 http fetch GET 200 https://registry.npmjs.org/p-limit 53ms (cache miss)
1161 timing idealTree:node_modules/locate-path Completed in 64ms
1162 timing idealTree:node_modules/lodash.merge Completed in 0ms
1163 silly placeDep ROOT yallist@3.1.1 OK for: lru-cache@5.1.1 want: ^3.0.2
1164 timing idealTree:node_modules/lru-cache Completed in 2ms
1165 timing idealTree:node_modules/math-intrinsics Completed in 1ms
1166 silly placeDep ROOT brace-expansion@1.1.15 OK for: minimatch@3.1.5 want: ^1.1.7
1167 silly fetch manifest balanced-match@^1.0.0
1168 silly fetch manifest concat-map@0.0.1
1169 http fetch GET 200 https://registry.npmjs.org/balanced-match 62ms (cache miss)
1170 http fetch GET 200 https://registry.npmjs.org/concat-map 65ms (cache miss)
1171 timing idealTree:node_modules/minimatch Completed in 70ms
1172 silly placeDep ROOT balanced-match@1.0.2 OK for: brace-expansion@1.1.15 want: ^1.0.0
1173 silly placeDep ROOT concat-map@0.0.1 OK for: brace-expansion@1.1.15 want: 0.0.1
1174 timing idealTree:node_modules/brace-expansion Completed in 4ms
1175 timing idealTree:node_modules/balanced-match Completed in 0ms
1176 timing idealTree:node_modules/concat-map Completed in 0ms
1177 timing idealTree:node_modules/ms Completed in 0ms
1178 timing idealTree:node_modules/natural-compare Completed in 0ms
1179 timing idealTree:node_modules/node-releases Completed in 0ms
1180 timing idealTree:node_modules/object-inspect Completed in 0ms
1181 timing idealTree:node_modules/object-keys Completed in 0ms
1182 timing idealTree:node_modules/object.assign Completed in 0ms
1183 timing idealTree:node_modules/object.entries Completed in 0ms
1184 timing idealTree:node_modules/object.fromentries Completed in 0ms
1185 timing idealTree:node_modules/object.values Completed in 0ms
1186 silly placeDep ROOT deep-is@0.1.4 OK for: optionator@0.9.4 want: ^0.1.3
1187 silly placeDep ROOT fast-levenshtein@2.0.6 OK for: optionator@0.9.4 want: ^2.0.6
1188 silly placeDep ROOT word-wrap@1.2.5 OK for: optionator@0.9.4 want: ^1.2.5
1189 timing idealTree:node_modules/optionator Completed in 6ms
1190 timing idealTree:node_modules/deep-is Completed in 0ms
1191 timing idealTree:node_modules/fast-levenshtein Completed in 0ms
1192 timing idealTree:node_modules/own-keys Completed in 0ms
1193 silly placeDep ROOT p-limit@3.1.0 OK for: p-locate@5.0.0 want: ^3.0.2
1194 silly fetch manifest yocto-queue@^0.1.0
1195 http fetch GET 200 https://registry.npmjs.org/yocto-queue 86ms (cache miss)
1196 timing idealTree:node_modules/p-locate Completed in 91ms
1197 silly placeDep ROOT yocto-queue@0.1.0 OK for: p-limit@3.1.0 want: ^0.1.0
1198 timing idealTree:node_modules/p-limit Completed in 3ms
1199 silly placeDep ROOT callsites@3.1.0 OK for: parent-module@1.0.1 want: ^3.0.0
1200 timing idealTree:node_modules/parent-module Completed in 2ms
1201 timing idealTree:node_modules/callsites Completed in 0ms
1202 silly placeDep ROOT error-ex@1.3.4 OK for: parse-json@5.2.0 want: ^1.3.1
1203 silly fetch manifest is-arrayish@^0.2.1
1204 silly placeDep ROOT json-parse-even-better-errors@2.3.1 OK for: parse-json@5.2.0 want: ^2.3.0
1205 silly placeDep ROOT lines-and-columns@1.2.4 OK for: parse-json@5.2.0 want: ^1.1.6
1206 http fetch GET 200 https://registry.npmjs.org/is-arrayish 51ms (cache miss)
1207 timing idealTree:node_modules/parse-json Completed in 56ms
1208 silly placeDep ROOT is-arrayish@0.2.1 OK for: error-ex@1.3.4 want: ^0.2.1
1209 timing idealTree:node_modules/error-ex Completed in 3ms
1210 timing idealTree:node_modules/is-arrayish Completed in 0ms
1211 timing idealTree:node_modules/json-parse-even-better-errors Completed in 0ms
1212 timing idealTree:node_modules/lines-and-columns Completed in 0ms
1213 timing idealTree:node_modules/path-exists Completed in 0ms
1214 timing idealTree:node_modules/path-key Completed in 0ms
1215 timing idealTree:node_modules/path-type Completed in 0ms
1216 timing idealTree:node_modules/picocolors Completed in 0ms
1217 timing idealTree:node_modules/possible-typed-array-names Completed in 0ms
1218 timing idealTree:node_modules/prelude-ls Completed in 0ms
1219 silly placeDep ROOT loose-envify@1.4.0 OK for: prop-types@15.8.1 want: ^1.4.0
1220 silly placeDep ROOT object-assign@4.1.1 OK for: prop-types@15.8.1 want: ^4.1.1
1221 silly placeDep node_modules/prop-types react-is@16.13.1 OK for: prop-types@15.8.1 want: ^16.13.1
1222 timing idealTree:node_modules/prop-types Completed in 8ms
1223 timing idealTree:node_modules/loose-envify Completed in 0ms
1224 timing idealTree:node_modules/object-assign Completed in 0ms
1225 timing idealTree:node_modules/react Completed in 0ms
1226 silly placeDep ROOT scheduler@0.23.2 OK for: react-dom@18.3.1 want: ^0.23.2
1227 timing idealTree:node_modules/react-dom Completed in 2ms
1228 timing idealTree:node_modules/react-is Completed in 0ms
1229 timing idealTree:node_modules/react-refresh Completed in 0ms
1230 silly placeDep ROOT dom-helpers@5.2.1 OK for: react-transition-group@4.4.5 want: ^5.0.1
1231 timing idealTree:node_modules/react-transition-group Completed in 3ms
1232 timing idealTree:node_modules/dom-helpers Completed in 0ms
1233 timing idealTree:node_modules/regexp.prototype.flags Completed in 0ms
1234 silly placeDep ROOT is-core-module@2.16.2 OK for: resolve@1.22.12 want: ^2.16.1
1235 silly placeDep ROOT path-parse@1.0.7 OK for: resolve@1.22.12 want: ^1.0.7
1236 silly placeDep ROOT supports-preserve-symlinks-flag@1.0.0 OK for: resolve@1.22.12 want: ^1.0.0
1237 timing idealTree:node_modules/resolve Completed in 9ms
1238 timing idealTree:node_modules/is-core-module Completed in 0ms
1239 timing idealTree:node_modules/path-parse Completed in 0ms
1240 timing idealTree:node_modules/resolve-from Completed in 0ms
1241 timing idealTree:node_modules/reusify Completed in 0ms
1242 silly placeDep ROOT glob@7.2.3 OK for: rimraf@3.0.2 want: ^7.1.3
1243 silly fetch manifest once@^1.3.0
1244 silly fetch manifest inflight@^1.0.4
1245 silly fetch manifest inherits@2
1246 silly fetch manifest fs.realpath@^1.0.0
1247 silly fetch manifest path-is-absolute@^1.0.0
1248 http fetch GET 200 https://registry.npmjs.org/inflight 65ms (cache miss)
1249 http fetch GET 200 https://registry.npmjs.org/inherits 64ms (cache miss)
1250 http fetch GET 200 https://registry.npmjs.org/once 69ms (cache miss)
1251 http fetch GET 200 https://registry.npmjs.org/path-is-absolute 71ms (cache miss)
1252 http fetch GET 200 https://registry.npmjs.org/fs.realpath 83ms (cache miss)
1253 timing idealTree:node_modules/rimraf Completed in 91ms
1254 silly placeDep ROOT fs.realpath@1.0.0 OK for: glob@7.2.3 want: ^1.0.0
1255 silly placeDep ROOT inflight@1.0.6 OK for: glob@7.2.3 want: ^1.0.4
1256 silly fetch manifest wrappy@1
1257 silly placeDep ROOT inherits@2.0.4 OK for: glob@7.2.3 want: 2
1258 silly placeDep ROOT once@1.4.0 OK for: glob@7.2.3 want: ^1.3.0
1259 silly placeDep ROOT path-is-absolute@1.0.1 OK for: glob@7.2.3 want: ^1.0.0
1260 http fetch GET 200 https://registry.npmjs.org/wrappy 52ms (cache miss)
1261 timing idealTree:node_modules/glob Completed in 61ms
1262 timing idealTree:node_modules/fs.realpath Completed in 0ms
1263 silly placeDep ROOT wrappy@1.0.2 OK for: inflight@1.0.6 want: 1
1264 timing idealTree:node_modules/inflight Completed in 3ms
1265 timing idealTree:node_modules/inherits Completed in 0ms
1266 timing idealTree:node_modules/once Completed in 0ms
1267 timing idealTree:node_modules/path-is-absolute Completed in 0ms
1268 silly placeDep ROOT queue-microtask@1.2.3 OK for: run-parallel@1.2.0 want: ^1.2.2
1269 timing idealTree:node_modules/run-parallel Completed in 2ms
1270 timing idealTree:node_modules/queue-microtask Completed in 0ms
1271 silly placeDep ROOT isarray@2.0.5 OK for: safe-array-concat@1.1.4 want: ^2.0.5
1272 timing idealTree:node_modules/safe-array-concat Completed in 1ms
1273 timing idealTree:node_modules/isarray Completed in 0ms
1274 timing idealTree:node_modules/safe-push-apply Completed in 0ms
1275 timing idealTree:node_modules/safe-regex-test Completed in 0ms
1276 timing idealTree:node_modules/scheduler Completed in 0ms
1277 timing idealTree:node_modules/semver Completed in 0ms
1278 timing idealTree:node_modules/set-function-length Completed in 0ms
1279 timing idealTree:node_modules/set-function-name Completed in 0ms
1280 timing idealTree:node_modules/set-proto Completed in 0ms
1281 silly placeDep ROOT shebang-regex@3.0.0 OK for: shebang-command@2.0.0 want: ^3.0.0
1282 timing idealTree:node_modules/shebang-command Completed in 1ms
1283 timing idealTree:node_modules/shebang-regex Completed in 0ms
1284 silly placeDep ROOT side-channel-list@1.0.1 OK for: side-channel@1.1.1 want: ^1.0.1
1285 silly placeDep ROOT side-channel-map@1.0.1 OK for: side-channel@1.1.1 want: ^1.0.1
1286 silly placeDep ROOT side-channel-weakmap@1.0.2 OK for: side-channel@1.1.1 want: ^1.0.2
1287 timing idealTree:node_modules/side-channel Completed in 9ms
1288 timing idealTree:node_modules/side-channel-list Completed in 0ms
1289 timing idealTree:node_modules/side-channel-map Completed in 0ms
1290 timing idealTree:node_modules/side-channel-weakmap Completed in 0ms
1291 timing idealTree:node_modules/source-map Completed in 0ms
1292 timing idealTree:node_modules/stop-iteration-iterator Completed in 0ms
1293 timing idealTree:node_modules/string.prototype.matchall Completed in 0ms
1294 timing idealTree:node_modules/string.prototype.repeat Completed in 0ms
1295 timing idealTree:node_modules/string.prototype.trim Completed in 0ms
1296 timing idealTree:node_modules/string.prototype.trimend Completed in 0ms
1297 timing idealTree:node_modules/string.prototype.trimstart Completed in 0ms
1298 silly placeDep ROOT ansi-regex@5.0.1 OK for: strip-ansi@6.0.1 want: ^5.0.1
1299 timing idealTree:node_modules/strip-ansi Completed in 2ms
1300 timing idealTree:node_modules/ansi-regex Completed in 0ms
1301 timing idealTree:node_modules/strip-json-comments Completed in 0ms
1302 timing idealTree:node_modules/stylis Completed in 0ms
1303 silly placeDep ROOT has-flag@4.0.0 OK for: supports-color@7.2.0 want: ^4.0.0
1304 timing idealTree:node_modules/supports-color Completed in 2ms
1305 timing idealTree:node_modules/has-flag Completed in 0ms
1306 timing idealTree:node_modules/supports-preserve-symlinks-flag Completed in 0ms
1307 timing idealTree:node_modules/text-table Completed in 0ms
1308 timing idealTree:node_modules/type-check Completed in 0ms
1309 timing idealTree:node_modules/type-fest Completed in 0ms
1310 timing idealTree:node_modules/typed-array-buffer Completed in 0ms
1311 silly placeDep ROOT for-each@0.3.5 OK for: typed-array-byte-length@1.0.3 want: ^0.3.3
1312 timing idealTree:node_modules/typed-array-byte-length Completed in 2ms
1313 timing idealTree:node_modules/for-each Completed in 0ms
1314 silly placeDep ROOT reflect.getprototypeof@1.0.10 OK for: typed-array-byte-offset@1.0.4 want: ^1.0.9
1315 silly fetch manifest which-builtin-type@^1.2.1
1316 http fetch GET 200 https://registry.npmjs.org/which-builtin-type 55ms (cache miss)
1317 timing idealTree:node_modules/typed-array-byte-offset Completed in 61ms
1318 silly placeDep ROOT which-builtin-type@1.2.1 OK for: reflect.getprototypeof@1.0.10 want: ^1.2.1
1319 silly fetch manifest is-async-function@^2.0.0
1320 silly fetch manifest is-finalizationregistry@^1.1.0
1321 silly fetch manifest is-generator-function@^1.0.10
1322 silly fetch manifest which-boxed-primitive@^1.1.0
1323 silly fetch manifest which-collection@^1.0.2
1324 http fetch GET 200 https://registry.npmjs.org/is-generator-function 90ms (cache miss)
1325 http fetch GET 200 https://registry.npmjs.org/which-collection 89ms (cache miss)
1326 http fetch GET 200 https://registry.npmjs.org/is-finalizationregistry 99ms (cache miss)
1327 http fetch GET 200 https://registry.npmjs.org/is-async-function 101ms (cache miss)
1328 timing idealTree:node_modules/reflect.getprototypeof Completed in 110ms
1329 timing idealTree:node_modules/typed-array-length Completed in 0ms
1330 silly placeDep ROOT has-bigints@1.1.0 OK for: unbox-primitive@1.1.0 want: ^1.0.2
1331 silly placeDep ROOT which-boxed-primitive@1.1.1 OK for: unbox-primitive@1.1.0 want: ^1.1.1
1332 silly fetch manifest is-bigint@^1.1.0
1333 silly fetch manifest is-boolean-object@^1.2.1
1334 silly fetch manifest is-number-object@^1.1.1
1335 http fetch GET 200 https://registry.npmjs.org/is-boolean-object 55ms (cache miss)
1336 http fetch GET 200 https://registry.npmjs.org/is-bigint 63ms (cache miss)
1337 http fetch GET 200 https://registry.npmjs.org/is-number-object 63ms (cache miss)
1338 timing idealTree:node_modules/unbox-primitive Completed in 74ms
1339 timing idealTree:node_modules/has-bigints Completed in 0ms
1340 silly placeDep ROOT escalade@3.2.0 OK for: update-browserslist-db@1.2.3 want: ^3.2.0
1341 timing idealTree:node_modules/update-browserslist-db Completed in 2ms
1342 timing idealTree:node_modules/escalade Completed in 0ms
1343 silly placeDep ROOT punycode@2.3.1 OK for: uri-js@4.4.1 want: ^2.1.0
1344 timing idealTree:node_modules/uri-js Completed in 3ms
1345 timing idealTree:node_modules/punycode Completed in 0ms
1346 silly placeDep ROOT esbuild@0.21.5 OK for: vite@5.4.21 want: ^0.21.3
1347 silly fetch manifest @esbuild/aix-ppc64@0.21.5
1348 silly fetch manifest @esbuild/linux-arm@0.21.5
1349 silly fetch manifest @esbuild/linux-x64@0.21.5
1350 silly fetch manifest @esbuild/sunos-x64@0.21.5
1351 silly fetch manifest @esbuild/win32-x64@0.21.5
1352 silly fetch manifest @esbuild/darwin-x64@0.21.5
1353 silly fetch manifest @esbuild/linux-ia32@0.21.5
1354 silly fetch manifest @esbuild/netbsd-x64@0.21.5
1355 silly fetch manifest @esbuild/win32-ia32@0.21.5
1356 silly fetch manifest @esbuild/android-arm@0.21.5
1357 silly fetch manifest @esbuild/android-x64@0.21.5
1358 silly fetch manifest @esbuild/freebsd-x64@0.21.5
1359 silly fetch manifest @esbuild/linux-arm64@0.21.5
1360 silly fetch manifest @esbuild/linux-ppc64@0.21.5
1361 silly fetch manifest @esbuild/linux-s390x@0.21.5
1362 silly fetch manifest @esbuild/openbsd-x64@0.21.5
1363 silly fetch manifest @esbuild/win32-arm64@0.21.5
1364 silly fetch manifest @esbuild/darwin-arm64@0.21.5
1365 silly fetch manifest @esbuild/android-arm64@0.21.5
1366 silly fetch manifest @esbuild/freebsd-arm64@0.21.5
1367 silly fetch manifest @esbuild/linux-loong64@0.21.5
1368 silly fetch manifest @esbuild/linux-riscv64@0.21.5
1369 silly fetch manifest @esbuild/linux-mips64el@0.21.5
1370 silly placeDep ROOT fsevents@2.3.3 OK for: vite@5.4.21 want: ~2.3.3
1371 silly placeDep ROOT postcss@8.5.15 OK for: vite@5.4.21 want: ^8.4.43
1372 silly fetch manifest nanoid@^3.3.12
1373 silly fetch manifest source-map-js@^1.2.1
1374 silly placeDep ROOT rollup@4.62.2 OK for: vite@5.4.21 want: ^4.20.0
1375 silly fetch manifest @types/estree@1.0.9
1376 silly fetch manifest @rollup/rollup-darwin-arm64@4.62.2
1377 silly fetch manifest @rollup/rollup-android-arm64@4.62.2
1378 silly fetch manifest @rollup/rollup-win32-arm64-msvc@4.62.2
1379 silly fetch manifest @rollup/rollup-freebsd-arm64@4.62.2
1380 silly fetch manifest @rollup/rollup-linux-arm64-gnu@4.62.2
1381 silly fetch manifest @rollup/rollup-linux-arm64-musl@4.62.2
1382 silly fetch manifest @rollup/rollup-android-arm-eabi@4.62.2
1383 silly fetch manifest @rollup/rollup-linux-arm-gnueabihf@4.62.2
1384 silly fetch manifest @rollup/rollup-linux-arm-musleabihf@4.62.2
1385 silly fetch manifest @rollup/rollup-win32-ia32-msvc@4.62.2
1386 silly fetch manifest @rollup/rollup-linux-loong64-gnu@4.62.2
1387 silly fetch manifest @rollup/rollup-linux-loong64-musl@4.62.2
1388 silly fetch manifest @rollup/rollup-linux-riscv64-gnu@4.62.2
1389 silly fetch manifest @rollup/rollup-linux-riscv64-musl@4.62.2
1390 silly fetch manifest @rollup/rollup-linux-ppc64-gnu@4.62.2
1391 silly fetch manifest @rollup/rollup-linux-ppc64-musl@4.62.2
1392 silly fetch manifest @rollup/rollup-linux-s390x-gnu@4.62.2
1393 silly fetch manifest @rollup/rollup-darwin-x64@4.62.2
1394 silly fetch manifest @rollup/rollup-win32-x64-gnu@4.62.2
1395 silly fetch manifest @rollup/rollup-win32-x64-msvc@4.62.2
1396 silly fetch manifest @rollup/rollup-freebsd-x64@4.62.2
1397 silly fetch manifest @rollup/rollup-linux-x64-gnu@4.62.2
1398 silly fetch manifest @rollup/rollup-linux-x64-musl@4.62.2
1399 silly fetch manifest @rollup/rollup-openbsd-x64@4.62.2
1400 silly fetch manifest @rollup/rollup-openharmony-arm64@4.62.2
1401 http fetch GET 200 https://registry.npmjs.org/@esbuild%2faix-ppc64 601ms (cache miss)
1402 http fetch GET 200 https://registry.npmjs.org/source-map-js 563ms (cache miss)
1403 http fetch GET 200 https://registry.npmjs.org/@types%2festree 563ms (cache miss)
1404 http fetch GET 200 https://registry.npmjs.org/@esbuild%2fdarwin-x64 623ms (cache miss)
1405 http fetch GET 200 https://registry.npmjs.org/@esbuild%2fandroid-x64 623ms (cache miss)
1406 http fetch GET 200 https://registry.npmjs.org/@esbuild%2fnetbsd-x64 632ms (cache miss)
1407 http fetch GET 200 https://registry.npmjs.org/@rollup%2frollup-openbsd-x64 581ms (cache miss)
1408 http fetch GET 200 https://registry.npmjs.org/@rollup%2frollup-freebsd-arm64 598ms (cache miss)
1409 http fetch GET 200 https://registry.npmjs.org/@rollup%2frollup-linux-riscv64-musl 594ms (cache miss)
1410 http fetch GET 200 https://registry.npmjs.org/@esbuild%2fdarwin-arm64 628ms (cache miss)
1411 http fetch GET 200 https://registry.npmjs.org/@esbuild%2fwin32-arm64 633ms (cache miss)
1412 http fetch GET 200 https://registry.npmjs.org/@esbuild%2fandroid-arm64 634ms (cache miss)
1413 http fetch GET 200 https://registry.npmjs.org/@esbuild%2flinux-x64 657ms (cache miss)
1414 http fetch GET 200 https://registry.npmjs.org/@rollup%2frollup-linux-ppc64-gnu 610ms (cache miss)
1415 http fetch GET 200 https://registry.npmjs.org/@esbuild%2fwin32-ia32 655ms (cache miss)
1416 http fetch GET 200 https://registry.npmjs.org/@esbuild%2flinux-s390x 648ms (cache miss)
1417 http fetch GET 200 https://registry.npmjs.org/@esbuild%2flinux-arm64 652ms (cache miss)
1418 http fetch GET 200 https://registry.npmjs.org/@esbuild%2ffreebsd-x64 657ms (cache miss)
1419 http fetch GET 200 https://registry.npmjs.org/@esbuild%2fwin32-x64 669ms (cache miss)
1420 http fetch GET 200 https://registry.npmjs.org/@esbuild%2flinux-mips64el 644ms (cache miss)
1421 http fetch GET 200 https://registry.npmjs.org/@rollup%2frollup-linux-arm-musleabihf 632ms (cache miss)
1422 http fetch GET 200 https://registry.npmjs.org/@rollup%2frollup-linux-loong64-gnu 633ms (cache miss)
1423 http fetch GET 200 https://registry.npmjs.org/@esbuild%2flinux-ppc64 667ms (cache miss)
1424 http fetch GET 200 https://registry.npmjs.org/@esbuild%2fandroid-arm 676ms (cache miss)
1425 http fetch GET 200 https://registry.npmjs.org/@esbuild%2flinux-ia32 682ms (cache miss)
1426 http fetch GET 200 https://registry.npmjs.org/@esbuild%2ffreebsd-arm64 669ms (cache miss)
1427 http fetch GET 200 https://registry.npmjs.org/@rollup%2frollup-darwin-arm64 652ms (cache miss)
1428 http fetch GET 200 https://registry.npmjs.org/@esbuild%2fsunos-x64 695ms (cache miss)
1429 http fetch GET 200 https://registry.npmjs.org/@rollup%2frollup-linux-arm64-musl 652ms (cache miss)
1430 http fetch GET 200 https://registry.npmjs.org/@rollup%2frollup-linux-riscv64-gnu 649ms (cache miss)
1431 http fetch GET 200 https://registry.npmjs.org/@rollup%2frollup-linux-s390x-gnu 649ms (cache miss)
1432 http fetch GET 200 https://registry.npmjs.org/@esbuild%2flinux-loong64 693ms (cache miss)
1433 http fetch GET 200 https://registry.npmjs.org/@esbuild%2fopenbsd-x64 701ms (cache miss)
1434 http fetch GET 200 https://registry.npmjs.org/@rollup%2frollup-win32-arm64-msvc 678ms (cache miss)
1435 http fetch GET 200 https://registry.npmjs.org/@rollup%2frollup-linux-arm64-gnu 679ms (cache miss)
1436 http fetch GET 200 https://registry.npmjs.org/@esbuild%2flinux-riscv64 697ms (cache miss)
1437 http fetch GET 200 https://registry.npmjs.org/@rollup%2frollup-openharmony-arm64 669ms (cache miss)
1438 http fetch GET 200 https://registry.npmjs.org/@esbuild%2flinux-arm 732ms (cache miss)
1439 http fetch GET 200 https://registry.npmjs.org/nanoid 696ms (cache miss)
1440 http fetch GET 200 https://registry.npmjs.org/@rollup%2frollup-android-arm-eabi 691ms (cache miss)
1441 http fetch GET 200 https://registry.npmjs.org/@rollup%2frollup-darwin-x64 693ms (cache miss)
1442 http fetch GET 200 https://registry.npmjs.org/@rollup%2frollup-android-arm64 715ms (cache miss)
1443 http fetch GET 200 https://registry.npmjs.org/@rollup%2frollup-linux-arm-gnueabihf 713ms (cache miss)
1444 http fetch GET 200 https://registry.npmjs.org/@rollup%2frollup-win32-ia32-msvc 715ms (cache miss)
1445 http fetch GET 200 https://registry.npmjs.org/@rollup%2frollup-linux-loong64-musl 738ms (cache miss)
1446 http fetch GET 200 https://registry.npmjs.org/@rollup%2frollup-linux-ppc64-musl 736ms (cache miss)
1447 http fetch GET 200 https://registry.npmjs.org/@rollup%2frollup-win32-x64-gnu 738ms (cache miss)
1448 http fetch GET 200 https://registry.npmjs.org/@rollup%2frollup-linux-x64-gnu 742ms (cache miss)
1449 http fetch GET 200 https://registry.npmjs.org/@rollup%2frollup-freebsd-x64 748ms (cache miss)
1450 http fetch GET 200 https://registry.npmjs.org/@rollup%2frollup-win32-x64-msvc 751ms (cache miss)
1451 http fetch GET 200 https://registry.npmjs.org/@rollup%2frollup-linux-x64-musl 751ms (cache miss)
1452 timing idealTree:node_modules/vite Completed in 820ms
1453 silly placeDep ROOT @esbuild/aix-ppc64@0.21.5 OK for: esbuild@0.21.5 want: 0.21.5
1454 silly placeDep ROOT @esbuild/android-arm@0.21.5 OK for: esbuild@0.21.5 want: 0.21.5
1455 silly placeDep ROOT @esbuild/android-arm64@0.21.5 OK for: esbuild@0.21.5 want: 0.21.5
1456 silly placeDep ROOT @esbuild/android-x64@0.21.5 OK for: esbuild@0.21.5 want: 0.21.5
1457 silly placeDep ROOT @esbuild/darwin-arm64@0.21.5 OK for: esbuild@0.21.5 want: 0.21.5
1458 silly placeDep ROOT @esbuild/darwin-x64@0.21.5 OK for: esbuild@0.21.5 want: 0.21.5
1459 silly placeDep ROOT @esbuild/freebsd-arm64@0.21.5 OK for: esbuild@0.21.5 want: 0.21.5
1460 silly placeDep ROOT @esbuild/freebsd-x64@0.21.5 OK for: esbuild@0.21.5 want: 0.21.5
1461 silly placeDep ROOT @esbuild/linux-arm@0.21.5 OK for: esbuild@0.21.5 want: 0.21.5
1462 silly placeDep ROOT @esbuild/linux-arm64@0.21.5 OK for: esbuild@0.21.5 want: 0.21.5
1463 silly placeDep ROOT @esbuild/linux-ia32@0.21.5 OK for: esbuild@0.21.5 want: 0.21.5
1464 silly placeDep ROOT @esbuild/linux-loong64@0.21.5 OK for: esbuild@0.21.5 want: 0.21.5
1465 silly placeDep ROOT @esbuild/linux-mips64el@0.21.5 OK for: esbuild@0.21.5 want: 0.21.5
1466 silly placeDep ROOT @esbuild/linux-ppc64@0.21.5 OK for: esbuild@0.21.5 want: 0.21.5
1467 silly placeDep ROOT @esbuild/linux-riscv64@0.21.5 OK for: esbuild@0.21.5 want: 0.21.5
1468 silly placeDep ROOT @esbuild/linux-s390x@0.21.5 OK for: esbuild@0.21.5 want: 0.21.5
1469 silly placeDep ROOT @esbuild/linux-x64@0.21.5 OK for: esbuild@0.21.5 want: 0.21.5
1470 silly placeDep ROOT @esbuild/netbsd-x64@0.21.5 OK for: esbuild@0.21.5 want: 0.21.5
1471 silly placeDep ROOT @esbuild/openbsd-x64@0.21.5 OK for: esbuild@0.21.5 want: 0.21.5
1472 silly placeDep ROOT @esbuild/sunos-x64@0.21.5 OK for: esbuild@0.21.5 want: 0.21.5
1473 silly placeDep ROOT @esbuild/win32-arm64@0.21.5 OK for: esbuild@0.21.5 want: 0.21.5
1474 silly placeDep ROOT @esbuild/win32-ia32@0.21.5 OK for: esbuild@0.21.5 want: 0.21.5
1475 silly placeDep ROOT @esbuild/win32-x64@0.21.5 OK for: esbuild@0.21.5 want: 0.21.5
1476 timing idealTree:node_modules/esbuild Completed in 54ms
1477 timing idealTree:node_modules/@esbuild/aix-ppc64 Completed in 0ms
1478 timing idealTree:node_modules/@esbuild/android-arm Completed in 0ms
1479 timing idealTree:node_modules/@esbuild/android-arm64 Completed in 0ms
1480 timing idealTree:node_modules/@esbuild/android-x64 Completed in 0ms
1481 timing idealTree:node_modules/@esbuild/darwin-arm64 Completed in 0ms
1482 timing idealTree:node_modules/@esbuild/darwin-x64 Completed in 0ms
1483 timing idealTree:node_modules/@esbuild/freebsd-arm64 Completed in 0ms
1484 timing idealTree:node_modules/@esbuild/freebsd-x64 Completed in 0ms
1485 timing idealTree:node_modules/@esbuild/linux-arm Completed in 0ms
1486 timing idealTree:node_modules/@esbuild/linux-arm64 Completed in 0ms
1487 timing idealTree:node_modules/@esbuild/linux-ia32 Completed in 0ms
1488 timing idealTree:node_modules/@esbuild/linux-loong64 Completed in 0ms
1489 timing idealTree:node_modules/@esbuild/linux-mips64el Completed in 0ms
1490 timing idealTree:node_modules/@esbuild/linux-ppc64 Completed in 0ms
1491 timing idealTree:node_modules/@esbuild/linux-riscv64 Completed in 0ms
1492 timing idealTree:node_modules/@esbuild/linux-s390x Completed in 0ms
1493 timing idealTree:node_modules/@esbuild/linux-x64 Completed in 0ms
1494 timing idealTree:node_modules/@esbuild/netbsd-x64 Completed in 0ms
1495 timing idealTree:node_modules/@esbuild/openbsd-x64 Completed in 0ms
1496 timing idealTree:node_modules/@esbuild/sunos-x64 Completed in 0ms
1497 timing idealTree:node_modules/@esbuild/win32-arm64 Completed in 0ms
1498 timing idealTree:node_modules/@esbuild/win32-ia32 Completed in 0ms
1499 timing idealTree:node_modules/@esbuild/win32-x64 Completed in 0ms
1500 timing idealTree:node_modules/fsevents Completed in 0ms
1501 silly placeDep ROOT nanoid@3.3.15 OK for: postcss@8.5.15 want: ^3.3.12
1502 silly placeDep ROOT source-map-js@1.2.1 OK for: postcss@8.5.15 want: ^1.2.1
1503 timing idealTree:node_modules/postcss Completed in 5ms
1504 timing idealTree:node_modules/nanoid Completed in 0ms
1505 silly placeDep ROOT @rollup/rollup-android-arm-eabi@4.62.2 OK for: rollup@4.62.2 want: 4.62.2
1506 silly placeDep ROOT @rollup/rollup-android-arm64@4.62.2 OK for: rollup@4.62.2 want: 4.62.2
1507 silly placeDep ROOT @rollup/rollup-darwin-arm64@4.62.2 OK for: rollup@4.62.2 want: 4.62.2
1508 silly placeDep ROOT @rollup/rollup-darwin-x64@4.62.2 OK for: rollup@4.62.2 want: 4.62.2
1509 silly placeDep ROOT @rollup/rollup-freebsd-arm64@4.62.2 OK for: rollup@4.62.2 want: 4.62.2
1510 silly placeDep ROOT @rollup/rollup-freebsd-x64@4.62.2 OK for: rollup@4.62.2 want: 4.62.2
1511 silly placeDep ROOT @rollup/rollup-linux-arm-gnueabihf@4.62.2 OK for: rollup@4.62.2 want: 4.62.2
1512 silly placeDep ROOT @rollup/rollup-linux-arm-musleabihf@4.62.2 OK for: rollup@4.62.2 want: 4.62.2
1513 silly placeDep ROOT @rollup/rollup-linux-arm64-gnu@4.62.2 OK for: rollup@4.62.2 want: 4.62.2
1514 silly placeDep ROOT @rollup/rollup-linux-arm64-musl@4.62.2 OK for: rollup@4.62.2 want: 4.62.2
1515 silly placeDep ROOT @rollup/rollup-linux-loong64-gnu@4.62.2 OK for: rollup@4.62.2 want: 4.62.2
1516 silly placeDep ROOT @rollup/rollup-linux-loong64-musl@4.62.2 OK for: rollup@4.62.2 want: 4.62.2
1517 silly placeDep ROOT @rollup/rollup-linux-ppc64-gnu@4.62.2 OK for: rollup@4.62.2 want: 4.62.2
1518 silly placeDep ROOT @rollup/rollup-linux-ppc64-musl@4.62.2 OK for: rollup@4.62.2 want: 4.62.2
1519 silly placeDep ROOT @rollup/rollup-linux-riscv64-gnu@4.62.2 OK for: rollup@4.62.2 want: 4.62.2
1520 silly placeDep ROOT @rollup/rollup-linux-riscv64-musl@4.62.2 OK for: rollup@4.62.2 want: 4.62.2
1521 silly placeDep ROOT @rollup/rollup-linux-s390x-gnu@4.62.2 OK for: rollup@4.62.2 want: 4.62.2
1522 silly placeDep ROOT @rollup/rollup-linux-x64-gnu@4.62.2 OK for: rollup@4.62.2 want: 4.62.2
1523 silly placeDep ROOT @rollup/rollup-linux-x64-musl@4.62.2 OK for: rollup@4.62.2 want: 4.62.2
1524 silly placeDep ROOT @rollup/rollup-openbsd-x64@4.62.2 OK for: rollup@4.62.2 want: 4.62.2
1525 silly placeDep ROOT @rollup/rollup-openharmony-arm64@4.62.2 OK for: rollup@4.62.2 want: 4.62.2
1526 silly placeDep ROOT @rollup/rollup-win32-arm64-msvc@4.62.2 OK for: rollup@4.62.2 want: 4.62.2
1527 silly placeDep ROOT @rollup/rollup-win32-ia32-msvc@4.62.2 OK for: rollup@4.62.2 want: 4.62.2
1528 silly placeDep ROOT @rollup/rollup-win32-x64-gnu@4.62.2 OK for: rollup@4.62.2 want: 4.62.2
1529 silly placeDep ROOT @rollup/rollup-win32-x64-msvc@4.62.2 OK for: rollup@4.62.2 want: 4.62.2
1530 silly placeDep ROOT @types/estree@1.0.9 OK for: rollup@4.62.2 want: 1.0.9
1531 timing idealTree:node_modules/rollup Completed in 71ms
1532 timing idealTree:node_modules/@rollup/rollup-android-arm-eabi Completed in 0ms
1533 timing idealTree:node_modules/@rollup/rollup-android-arm64 Completed in 0ms
1534 timing idealTree:node_modules/@rollup/rollup-darwin-arm64 Completed in 0ms
1535 timing idealTree:node_modules/@rollup/rollup-darwin-x64 Completed in 0ms
1536 timing idealTree:node_modules/@rollup/rollup-freebsd-arm64 Completed in 0ms
1537 timing idealTree:node_modules/@rollup/rollup-freebsd-x64 Completed in 0ms
1538 timing idealTree:node_modules/@rollup/rollup-linux-arm-gnueabihf Completed in 0ms
1539 timing idealTree:node_modules/@rollup/rollup-linux-arm-musleabihf Completed in 0ms
1540 timing idealTree:node_modules/@rollup/rollup-linux-arm64-gnu Completed in 0ms
1541 timing idealTree:node_modules/@rollup/rollup-linux-arm64-musl Completed in 0ms
1542 timing idealTree:node_modules/@rollup/rollup-linux-loong64-gnu Completed in 0ms
1543 timing idealTree:node_modules/@rollup/rollup-linux-loong64-musl Completed in 0ms
1544 timing idealTree:node_modules/@rollup/rollup-linux-ppc64-gnu Completed in 0ms
1545 timing idealTree:node_modules/@rollup/rollup-linux-ppc64-musl Completed in 0ms
1546 timing idealTree:node_modules/@rollup/rollup-linux-riscv64-gnu Completed in 0ms
1547 timing idealTree:node_modules/@rollup/rollup-linux-riscv64-musl Completed in 0ms
1548 timing idealTree:node_modules/@rollup/rollup-linux-s390x-gnu Completed in 0ms
1549 timing idealTree:node_modules/@rollup/rollup-linux-x64-gnu Completed in 0ms
1550 timing idealTree:node_modules/@rollup/rollup-linux-x64-musl Completed in 0ms
1551 timing idealTree:node_modules/@rollup/rollup-openbsd-x64 Completed in 0ms
1552 timing idealTree:node_modules/@rollup/rollup-openharmony-arm64 Completed in 1ms
1553 timing idealTree:node_modules/@rollup/rollup-win32-arm64-msvc Completed in 0ms
1554 timing idealTree:node_modules/@rollup/rollup-win32-ia32-msvc Completed in 0ms
1555 timing idealTree:node_modules/@rollup/rollup-win32-x64-gnu Completed in 0ms
1556 timing idealTree:node_modules/@rollup/rollup-win32-x64-msvc Completed in 0ms
1557 timing idealTree:node_modules/@types/estree Completed in 0ms
1558 timing idealTree:node_modules/source-map-js Completed in 0ms
1559 silly placeDep ROOT isexe@2.0.0 OK for: which@2.0.2 want: ^2.0.0
1560 timing idealTree:node_modules/which Completed in 2ms
1561 timing idealTree:node_modules/isexe Completed in 0ms
1562 silly placeDep ROOT is-bigint@1.1.0 OK for: which-boxed-primitive@1.1.1 want: ^1.1.0
1563 silly placeDep ROOT is-boolean-object@1.2.2 OK for: which-boxed-primitive@1.1.1 want: ^1.2.1
1564 silly placeDep ROOT is-number-object@1.1.1 OK for: which-boxed-primitive@1.1.1 want: ^1.1.1
1565 timing idealTree:node_modules/which-boxed-primitive Completed in 11ms
1566 timing idealTree:node_modules/is-bigint Completed in 0ms
1567 timing idealTree:node_modules/is-boolean-object Completed in 0ms
1568 timing idealTree:node_modules/is-number-object Completed in 1ms
1569 silly placeDep ROOT is-async-function@2.1.1 OK for: which-builtin-type@1.2.1 want: ^2.0.0
1570 silly fetch manifest async-function@^1.0.0
1571 silly placeDep ROOT is-finalizationregistry@1.1.1 OK for: which-builtin-type@1.2.1 want: ^1.1.0
1572 silly placeDep ROOT is-generator-function@1.1.2 OK for: which-builtin-type@1.2.1 want: ^1.0.10
1573 silly fetch manifest generator-function@^2.0.0
1574 silly placeDep ROOT which-collection@1.0.2 OK for: which-builtin-type@1.2.1 want: ^1.0.2
1575 silly fetch manifest is-map@^2.0.3
1576 silly fetch manifest is-weakmap@^2.0.2
1577 silly fetch manifest is-weakset@^2.0.3
1578 http fetch GET 200 https://registry.npmjs.org/generator-function 61ms (cache miss)
1579 http fetch GET 200 https://registry.npmjs.org/async-function 70ms (cache miss)
1580 http fetch GET 200 https://registry.npmjs.org/is-map 60ms (cache miss)
1581 http fetch GET 200 https://registry.npmjs.org/is-weakmap 61ms (cache miss)
1582 http fetch GET 200 https://registry.npmjs.org/is-weakset 63ms (cache miss)
1583 timing idealTree:node_modules/which-builtin-type Completed in 85ms
1584 silly placeDep ROOT async-function@1.0.0 OK for: is-async-function@2.1.1 want: ^1.0.0
1585 timing idealTree:node_modules/is-async-function Completed in 3ms
1586 timing idealTree:node_modules/async-function Completed in 0ms
1587 timing idealTree:node_modules/is-finalizationregistry Completed in 0ms
1588 silly placeDep ROOT generator-function@2.0.1 OK for: is-generator-function@1.1.2 want: ^2.0.0
1589 timing idealTree:node_modules/is-generator-function Completed in 3ms
1590 timing idealTree:node_modules/generator-function Completed in 0ms
1591 silly placeDep ROOT is-map@2.0.3 OK for: which-collection@1.0.2 want: ^2.0.3
1592 silly placeDep ROOT is-weakmap@2.0.2 OK for: which-collection@1.0.2 want: ^2.0.2
1593 silly placeDep ROOT is-weakset@2.0.4 OK for: which-collection@1.0.2 want: ^2.0.3
1594 timing idealTree:node_modules/which-collection Completed in 7ms
1595 timing idealTree:node_modules/is-map Completed in 0ms
1596 timing idealTree:node_modules/is-weakmap Completed in 1ms
1597 timing idealTree:node_modules/is-weakset Completed in 0ms
1598 timing idealTree:node_modules/which-typed-array Completed in 0ms
1599 timing idealTree:node_modules/word-wrap Completed in 0ms
1600 timing idealTree:node_modules/wrappy Completed in 0ms
1601 timing idealTree:node_modules/yallist Completed in 0ms
1602 timing idealTree:node_modules/yaml Completed in 0ms
1603 timing idealTree:node_modules/yocto-queue Completed in 0ms
1604 timing idealTree:node_modules/@babel/core/node_modules/convert-source-map Completed in 0ms
1605 timing idealTree:node_modules/eslint-plugin-react/node_modules/doctrine Completed in 0ms
1606 silly placeDep ROOT node-exports-info@1.6.2 OK for: resolve@2.0.0-next.7 want: ^1.6.0
1607 timing idealTree:node_modules/eslint-plugin-react/node_modules/resolve Completed in 4ms
1608 timing idealTree:node_modules/node-exports-info Completed in 0ms
1609 timing idealTree:node_modules/hoist-non-react-statics/node_modules/react-is Completed in 0ms
1610 timing idealTree:node_modules/prop-types/node_modules/react-is Completed in 0ms
1611 timing idealTree:buildDeps Completed in 31654ms
1612 timing idealTree:fixDepFlags Completed in 8ms
1613 timing idealTree Completed in 31983ms
1614 timing reify:loadTrees Completed in 31985ms
1615 timing reify:diffTrees Completed in 8ms
1616 silly reify moves {}
1617 timing reify:retireShallow Completed in 2ms
1618 timing reify:createSparse Completed in 5804ms
1619 timing reify:loadBundles Completed in 0ms
1620 silly audit bulk request {
1620 silly audit   '@emotion/react': [ '11.14.0' ],
1620 silly audit   react: [ '18.3.1' ],
1620 silly audit   '@emotion/styled': [ '11.14.1' ],
1620 silly audit   '@fontsource/inter': [ '5.2.8' ],
1620 silly audit   '@mui/icons-material': [ '5.18.0' ],
1620 silly audit   '@mui/material': [ '5.18.0' ],
1620 silly audit   'react-dom': [ '18.3.1' ],
1620 silly audit   '@vitejs/plugin-react': [ '4.7.0' ],
1620 silly audit   vite: [ '5.4.21' ],
1620 silly audit   eslint: [ '8.57.1' ],
1620 silly audit   'eslint-plugin-react': [ '7.37.5' ],
1620 silly audit   'eslint-plugin-react-hooks': [ '4.6.2' ],
1620 silly audit   'eslint-plugin-react-refresh': [ '0.4.26' ],
1620 silly audit   '@babel/runtime': [ '7.29.7' ],
1620 silly audit   '@emotion/babel-plugin': [ '11.13.5' ],
1620 silly audit   '@emotion/cache': [ '11.14.0' ],
1620 silly audit   '@emotion/serialize': [ '1.3.3' ],
1620 silly audit   '@emotion/use-insertion-effect-with-fallbacks': [ '1.2.0' ],
1620 silly audit   '@emotion/utils': [ '1.4.2' ],
1620 silly audit   '@emotion/weak-memoize': [ '0.4.0' ],
1620 silly audit   'hoist-non-react-statics': [ '3.3.2' ],
1620 silly audit   '@babel/helper-module-imports': [ '7.29.7' ],
1620 silly audit   '@emotion/hash': [ '0.9.2' ],
1620 silly audit   '@emotion/memoize': [ '0.9.0' ],
1620 silly audit   'babel-plugin-macros': [ '3.1.0' ],
1620 silly audit   'convert-source-map': [ '1.9.0', '2.0.0' ],
1620 silly audit   'escape-string-regexp': [ '4.0.0' ],
1620 silly audit   'find-root': [ '1.1.0' ],
1620 silly audit   'source-map': [ '0.5.7' ],
1620 silly audit   stylis: [ '4.2.0' ],
1620 silly audit   '@babel/traverse': [ '7.29.7' ],
1620 silly audit   '@babel/types': [ '7.29.7' ],
1620 silly audit   '@babel/code-frame': [ '7.29.7' ],
1620 silly audit   '@babel/generator': [ '7.29.7' ],
1620 silly audit   '@babel/helper-globals': [ '7.29.7' ],
1620 silly audit   '@babel/parser': [ '7.29.7' ],
1620 silly audit   '@babel/template': [ '7.29.7' ],
1620 silly audit   debug: [ '4.4.3' ],
1620 silly audit   '@babel/helper-validator-identifier': [ '7.29.7' ],
1620 silly audit   'js-tokens': [ '4.0.0' ],
1620 silly audit   picocolors: [ '1.1.1' ],
1620 silly audit   '@jridgewell/gen-mapping': [ '0.3.13' ],
1620 silly audit   '@jridgewell/trace-mapping': [ '0.3.31' ],
1620 silly audit   jsesc: [ '3.1.0' ],
1620 silly audit   '@babel/helper-string-parser': [ '7.29.7' ],
1620 silly audit   '@emotion/sheet': [ '1.4.0' ],
1620 silly audit   '@emotion/unitless': [ '0.10.0' ],
1620 silly audit   csstype: [ '3.2.3' ],
1620 silly audit   '@emotion/is-prop-valid': [ '1.4.0' ],
1620 silly audit   '@jridgewell/sourcemap-codec': [ '1.5.5' ],
1620 silly audit   '@jridgewell/resolve-uri': [ '3.1.2' ],
1620 silly audit   '@mui/core-downloads-tracker': [ '5.18.0' ],
1620 silly audit   '@mui/system': [ '5.18.0' ],
1620 silly audit   '@mui/types': [ '7.2.24' ],
1620 silly audit   '@mui/utils': [ '5.17.1' ],
1620 silly audit   '@popperjs/core': [ '2.11.8' ],
1620 silly audit   '@types/react-transition-group': [ '4.4.12' ],
1620 silly audit   '@types/react': [ '19.2.17' ],
1620 silly audit   clsx: [ '2.1.1' ],
1620 silly audit   'prop-types': [ '15.8.1' ],
1620 silly audit   'react-is': [ '19.2.7', '16.13.1' ],
1620 silly audit   'react-transition-group': [ '4.4.5' ],
1620 silly audit   '@mui/private-theming': [ '5.17.1' ],
1620 silly audit   '@mui/styled-engine': [ '5.18.0' ],
1620 silly audit   '@types/prop-types': [ '15.7.15' ],
1620 silly audit   '@babel/core': [ '7.29.7' ],
1620 silly audit   '@babel/plugin-transform-react-jsx-self': [ '7.29.7' ],
1620 silly audit   '@babel/plugin-transform-react-jsx-source': [ '7.29.7' ],
1620 silly audit   '@rolldown/pluginutils': [ '1.0.0-beta.27' ],
1620 silly audit   '@types/babel__core': [ '7.20.5' ],
1620 silly audit   'react-refresh': [ '0.17.0' ],
1620 silly audit   '@babel/helper-compilation-targets': [ '7.29.7' ],
1620 silly audit   '@babel/helper-module-transforms': [ '7.29.7' ],
1620 silly audit   '@babel/helpers': [ '7.29.7' ],
1620 silly audit   '@jridgewell/remapping': [ '2.3.5' ],
1620 silly audit   gensync: [ '1.0.0-beta.2' ],
1620 silly audit   json5: [ '2.2.3' ],
1620 silly audit   semver: [ '6.3.1' ],
1620 silly audit   '@babel/compat-data': [ '7.29.7' ],
1620 silly audit   '@babel/helper-validator-option': [ '7.29.7' ],
1620 silly audit   browserslist: [ '4.28.4' ],
1620 silly audit   'lru-cache': [ '5.1.1' ],
1620 silly audit   '@babel/helper-plugin-utils': [ '7.29.7' ],
1620 silly audit   '@types/babel__generator': [ '7.27.0' ],
1620 silly audit   '@types/babel__template': [ '7.4.4' ],
1620 silly audit   '@types/babel__traverse': [ '7.28.0' ],
1620 silly audit   cosmiconfig: [ '7.1.0' ],
1620 silly audit   resolve: [ '1.22.12', '2.0.0-next.7' ],
1620 silly audit   'baseline-browser-mapping': [ '2.10.38' ],
1620 silly audit   'caniuse-lite': [ '1.0.30001799' ],
1620 silly audit   'electron-to-chromium': [ '1.5.378' ],
1620 silly audit   'node-releases': [ '2.0.50' ],
1620 silly audit   'update-browserslist-db': [ '1.2.3' ],
1620 silly audit   '@types/parse-json': [ '4.0.2' ],
1620 silly audit   'import-fresh': [ '3.3.1' ],
1620 silly audit   'parse-json': [ '5.2.0' ],
1620 silly audit   'path-type': [ '4.0.0' ],
1620 silly audit   yaml: [ '1.10.3' ],
1620 silly audit   ms: [ '2.1.3' ],
1620 silly audit   '@eslint-community/eslint-utils': [ '4.9.1' ],
1620 silly audit   '@eslint-community/regexpp': [ '4.12.2' ],
1620 silly audit   '@eslint/eslintrc': [ '2.1.4' ],
1620 silly audit   '@eslint/js': [ '8.57.1' ],
1620 silly audit   '@humanwhocodes/config-array': [ '0.13.0' ],
1620 silly audit   '@humanwhocodes/module-importer': [ '1.0.1' ],
1620 silly audit   '@nodelib/fs.walk': [ '1.2.8' ],
1620 silly audit   '@ungap/structured-clone': [ '1.3.2' ],
1620 silly audit   ajv: [ '6.15.0' ],
1620 silly audit   chalk: [ '4.1.2' ],
1620 silly audit   'cross-spawn': [ '7.0.6' ],
1620 silly audit   doctrine: [ '3.0.0', '2.1.0' ],
1620 silly audit   'eslint-scope': [ '7.2.2' ],
1620 silly audit   'eslint-visitor-keys': [ '3.4.3' ],
1620 silly audit   espree: [ '9.6.1' ],
1620 silly audit   esquery: [ '1.7.0' ],
1620 silly audit   esutils: [ '2.0.3' ],
1620 silly audit   'fast-deep-equal': [ '3.1.3' ],
1620 silly audit   'file-entry-cache': [ '6.0.1' ],
1620 silly audit   'find-up': [ '5.0.0' ],
1620 silly audit   'glob-parent': [ '6.0.2' ],
1620 silly audit   globals: [ '13.24.0' ],
1620 silly audit   graphemer: [ '1.4.0' ],
1620 silly audit   ignore: [ '5.3.2' ],
1620 silly audit   imurmurhash: [ '0.1.4' ],
1620 silly audit   'is-glob': [ '4.0.3' ],
1620 silly audit   'is-path-inside': [ '3.0.3' ],
1620 silly audit   'js-yaml': [ '4.2.0' ],
1620 silly audit   'json-stable-stringify-without-jsonify': [ '1.0.1' ],
1620 silly audit   levn: [ '0.4.1' ],
1620 silly audit   'lodash.merge': [ '4.6.2' ],
1620 silly audit   minimatch: [ '3.1.5' ],
1620 silly audit   'natural-compare': [ '1.4.0' ],
1620 silly audit   optionator: [ '0.9.4' ],
1620 silly audit   'strip-ansi': [ '6.0.1' ],
1620 silly audit   'text-table': [ '0.2.0' ],
1620 silly audit   'strip-json-comments': [ '3.1.1' ],
1620 silly audit   '@humanwhocodes/object-schema': [ '2.0.3' ],
1620 silly audit   '@nodelib/fs.scandir': [ '2.1.5' ],
1620 silly audit   fastq: [ '1.20.1' ],
1620 silly audit   '@nodelib/fs.stat': [ '2.0.5' ],
1620 silly audit   'run-parallel': [ '1.2.0' ],
1620 silly audit   'fast-json-stable-stringify': [ '2.1.0' ],
1620 silly audit   'json-schema-traverse': [ '0.4.1' ],
1620 silly audit   'uri-js': [ '4.4.1' ],
1620 silly audit   'ansi-styles': [ '4.3.0' ],
1620 silly audit   'supports-color': [ '7.2.0' ],
1620 silly audit   'color-convert': [ '2.0.1' ],
1620 silly audit   'color-name': [ '1.1.4' ],
1620 silly audit   'path-key': [ '3.1.1' ],
1620 silly audit   'shebang-command': [ '2.0.0' ],
1620 silly audit   which: [ '2.0.2' ],
1620 silly audit   'array-includes': [ '3.1.9' ],
1620 silly audit   'array.prototype.findlast': [ '1.2.5' ],
1620 silly audit   'array.prototype.flatmap': [ '1.3.3' ],
1620 silly audit   'array.prototype.tosorted': [ '1.1.4' ],
1620 silly audit   'es-iterator-helpers': [ '1.3.3' ],
1620 silly audit   estraverse: [ '5.3.0' ],
1620 silly audit   hasown: [ '2.0.4' ],
1620 silly audit   'jsx-ast-utils': [ '3.3.5' ],
1620 silly audit   'object.entries': [ '1.1.9' ],
1620 silly audit   'object.fromentries': [ '2.0.8' ],
1620 silly audit   'object.values': [ '1.2.1' ],
1620 silly audit   'string.prototype.matchall': [ '4.0.12' ],
1620 silly audit   'string.prototype.repeat': [ '1.0.0' ],
1620 silly audit   'call-bind': [ '1.0.9' ],
1620 silly audit   'call-bound': [ '1.0.4' ],
1620 silly audit   'define-properties': [ '1.2.1' ],
1620 silly audit   'es-abstract': [ '1.24.2' ],
1620 silly audit   'es-object-atoms': [ '1.1.2' ],
1620 silly audit   'get-intrinsic': [ '1.3.0' ],
1620 silly audit   'is-string': [ '1.1.1' ],
1620 silly audit   'math-intrinsics': [ '1.1.0' ],
1620 silly audit   'es-errors': [ '1.3.0' ],
1620 silly audit   'es-shim-unscopables': [ '1.1.0' ],
1620 silly audit   'call-bind-apply-helpers': [ '1.0.2' ],
1620 silly audit   'es-define-property': [ '1.0.1' ],
1620 silly audit   'set-function-length': [ '1.2.2' ],
1620 silly audit   'function-bind': [ '1.1.2' ],
1620 silly audit   'define-data-property': [ '1.1.4' ],
1620 silly audit   'has-property-descriptors': [ '1.0.2' ],
1620 silly audit   'object-keys': [ '1.1.1' ],
1620 silly audit   gopd: [ '1.2.0' ],
1620 silly audit   'array-buffer-byte-length': [ '1.0.2' ],
1620 silly audit   'arraybuffer.prototype.slice': [ '1.0.4' ],
1620 silly audit   'available-typed-arrays': [ '1.0.7' ],
1620 silly audit   'data-view-buffer': [ '1.0.2' ],
1620 silly audit   'data-view-byte-length': [ '1.0.2' ],
1620 silly audit   'data-view-byte-offset': [ '1.0.1' ],
1620 silly audit   'es-set-tostringtag': [ '2.1.0' ],
1620 silly audit   'es-to-primitive': [ '1.3.1' ],
1620 silly audit   'function.prototype.name': [ '1.2.0' ],
1620 silly audit   'get-proto': [ '1.0.1' ],
1620 silly audit   'get-symbol-description': [ '1.1.0' ],
1620 silly audit   globalthis: [ '1.0.4' ],
1620 silly audit   'has-proto': [ '1.2.0' ],
1620 silly audit   'has-symbols': [ '1.1.0' ],
1620 silly audit   'internal-slot': [ '1.1.0' ],
1620 silly audit   'is-array-buffer': [ '3.0.5' ],
1620 silly audit   'is-callable': [ '1.2.7' ],
1620 silly audit   'is-data-view': [ '1.0.2' ],
1620 silly audit   'is-negative-zero': [ '2.0.3' ],
1620 silly audit   'is-regex': [ '1.2.1' ],
1620 silly audit   'is-set': [ '2.0.3' ],
1620 silly audit   'is-shared-array-buffer': [ '1.0.4' ],
1620 silly audit   'is-typed-array': [ '1.1.15' ],
1620 silly audit   'is-weakref': [ '1.1.1' ],
1620 silly audit   'object-inspect': [ '1.13.4' ],
1620 silly audit   'object.assign': [ '4.1.7' ],
1620 silly audit   'own-keys': [ '1.0.1' ],
1620 silly audit   'regexp.prototype.flags': [ '1.5.4' ],
1620 silly audit   'safe-array-concat': [ '1.1.4' ],
1620 silly audit   'safe-push-apply': [ '1.0.0' ],
1620 silly audit   'safe-regex-test': [ '1.1.0' ],
1620 silly audit   'set-proto': [ '1.0.0' ],
1620 silly audit   'stop-iteration-iterator': [ '1.1.0' ],
1620 silly audit   'string.prototype.trim': [ '1.2.11' ],
1620 silly audit   'string.prototype.trimend': [ '1.0.10' ],
1620 silly audit   'string.prototype.trimstart': [ '1.0.8' ],
1620 silly audit   'typed-array-buffer': [ '1.0.3' ],
1620 silly audit   'typed-array-byte-length': [ '1.0.3' ],
1620 silly audit   'typed-array-byte-offset': [ '1.0.4' ],
1620 silly audit   'typed-array-length': [ '1.0.8' ],
1620 silly audit   'unbox-primitive': [ '1.1.0' ],
1620 silly audit   'which-typed-array': [ '1.1.22' ],
1620 silly audit   'possible-typed-array-names': [ '1.1.0' ],
1620 silly audit   'iterator.prototype': [ '1.1.5' ],
1620 silly audit   'has-tostringtag': [ '1.0.2' ],
1620 silly audit   'es-abstract-get': [ '1.0.0' ],
1620 silly audit   'is-date-object': [ '1.1.0' ],
1620 silly audit   'is-symbol': [ '1.1.1' ],
1620 silly audit   esrecurse: [ '4.3.0' ],
1620 silly audit   acorn: [ '8.17.0' ],
1620 silly audit   'acorn-jsx': [ '5.3.2' ],
1620 silly audit   reusify: [ '1.1.0' ],
1620 silly audit   'flat-cache': [ '3.2.0' ],
1620 silly audit   'locate-path': [ '6.0.0' ],
1620 silly audit   'path-exists': [ '4.0.0' ],
1620 silly audit   flatted: [ '3.4.2' ],
1620 silly audit   keyv: [ '4.5.4' ],
1620 silly audit   rimraf: [ '3.0.2' ],
1620 silly audit   'functions-have-names': [ '1.2.3' ],
1620 silly audit   'is-document.all': [ '1.0.0' ],
1620 silly audit   'dunder-proto': [ '1.0.1' ],
1620 silly audit   'type-fest': [ '0.20.2' ],
1620 silly audit   'parent-module': [ '1.0.1' ],
1620 silly audit   'resolve-from': [ '4.0.0' ],
1620 silly audit   'side-channel': [ '1.1.1' ],
1620 silly audit   'is-extglob': [ '2.1.1' ],
1620 silly audit   'set-function-name': [ '2.0.2' ],
1620 silly audit   argparse: [ '2.0.1' ],
1620 silly audit   'array.prototype.flat': [ '1.3.3' ],
1620 silly audit   'json-buffer': [ '3.0.1' ],
1620 silly audit   'prelude-ls': [ '1.2.1' ],
1620 silly audit   'type-check': [ '0.4.0' ],
1620 silly audit   'p-locate': [ '5.0.0' ],
1620 silly audit   yallist: [ '3.1.1' ],
1620 silly audit   'brace-expansion': [ '1.1.15' ],
1620 silly audit   'balanced-match': [ '1.0.2' ],
1620 silly audit   'concat-map': [ '0.0.1' ],
1620 silly audit   'deep-is': [ '0.1.4' ],
1620 silly audit   'fast-levenshtein': [ '2.0.6' ],
1620 silly audit   'word-wrap': [ '1.2.5' ],
1620 silly audit   'p-limit': [ '3.1.0' ],
1620 silly audit   'yocto-queue': [ '0.1.0' ],
1620 silly audit   callsites: [ '3.1.0' ],
1620 silly audit   'error-ex': [ '1.3.4' ],
1620 silly audit   'json-parse-even-better-errors': [ '2.3.1' ],
1620 silly audit   'lines-and-columns': [ '1.2.4' ],
1620 silly audit   'is-arrayish': [ '0.2.1' ],
1620 silly audit   'loose-envify': [ '1.4.0' ],
1620 silly audit   'object-assign': [ '4.1.1' ],
1620 silly audit   scheduler: [ '0.23.2' ],
1620 silly audit   'dom-helpers': [ '5.2.1' ],
1620 silly audit   'is-core-module': [ '2.16.2' ],
1620 silly audit   'path-parse': [ '1.0.7' ],
1620 silly audit   'supports-preserve-symlinks-flag': [ '1.0.0' ],
1620 silly audit   glob: [ '7.2.3' ],
1620 silly audit   'fs.realpath': [ '1.0.0' ],
1620 silly audit   inflight: [ '1.0.6' ],
1620 silly audit   inherits: [ '2.0.4' ],
1620 silly audit   once: [ '1.4.0' ],
1620 silly audit   'path-is-absolute': [ '1.0.1' ],
1620 silly audit   wrappy: [ '1.0.2' ],
1620 silly audit   'queue-microtask': [ '1.2.3' ],
1620 silly audit   isarray: [ '2.0.5' ],
1620 silly audit   'shebang-regex': [ '3.0.0' ],
1620 silly audit   'side-channel-list': [ '1.0.1' ],
1620 silly audit   'side-channel-map': [ '1.0.1' ],
1620 silly audit   'side-channel-weakmap': [ '1.0.2' ],
1620 silly audit   'ansi-regex': [ '5.0.1' ],
1620 silly audit   'has-flag': [ '4.0.0' ],
1620 silly audit   'for-each': [ '0.3.5' ],
1620 silly audit   'reflect.getprototypeof': [ '1.0.10' ],
1620 silly audit   'which-builtin-type': [ '1.2.1' ],
1620 silly audit   'has-bigints': [ '1.1.0' ],
1620 silly audit   'which-boxed-primitive': [ '1.1.1' ],
1620 silly audit   escalade: [ '3.2.0' ],
1620 silly audit   punycode: [ '2.3.1' ],
1620 silly audit   esbuild: [ '0.21.5' ],
1620 silly audit   fsevents: [ '2.3.3' ],
1620 silly audit   postcss: [ '8.5.15' ],
1620 silly audit   rollup: [ '4.62.2' ],
1620 silly audit   '@esbuild/aix-ppc64': [ '0.21.5' ],
1620 silly audit   '@esbuild/android-arm': [ '0.21.5' ],
1620 silly audit   '@esbuild/android-arm64': [ '0.21.5' ],
1620 silly audit   '@esbuild/android-x64': [ '0.21.5' ],
1620 silly audit   '@esbuild/darwin-arm64': [ '0.21.5' ],
1620 silly audit   '@esbuild/darwin-x64': [ '0.21.5' ],
1620 silly audit   '@esbuild/freebsd-arm64': [ '0.21.5' ],
1620 silly audit   '@esbuild/freebsd-x64': [ '0.21.5' ],
1620 silly audit   '@esbuild/linux-arm': [ '0.21.5' ],
1620 silly audit   '@esbuild/linux-arm64': [ '0.21.5' ],
1620 silly audit   '@esbuild/linux-ia32': [ '0.21.5' ],
1620 silly audit   '@esbuild/linux-loong64': [ '0.21.5' ],
1620 silly audit   '@esbuild/linux-mips64el': [ '0.21.5' ],
1620 silly audit   '@esbuild/linux-ppc64': [ '0.21.5' ],
1620 silly audit   '@esbuild/linux-riscv64': [ '0.21.5' ],
1620 silly audit   '@esbuild/linux-s390x': [ '0.21.5' ],
1620 silly audit   '@esbuild/linux-x64': [ '0.21.5' ],
1620 silly audit   '@esbuild/netbsd-x64': [ '0.21.5' ],
1620 silly audit   '@esbuild/openbsd-x64': [ '0.21.5' ],
1620 silly audit   '@esbuild/sunos-x64': [ '0.21.5' ],
1620 silly audit   '@esbuild/win32-arm64': [ '0.21.5' ],
1620 silly audit   '@esbuild/win32-ia32': [ '0.21.5' ],
1620 silly audit   '@esbuild/win32-x64': [ '0.21.5' ],
1620 silly audit   nanoid: [ '3.3.15' ],
1620 silly audit   'source-map-js': [ '1.2.1' ],
1620 silly audit   '@rollup/rollup-android-arm-eabi': [ '4.62.2' ],
1620 silly audit   '@rollup/rollup-android-arm64': [ '4.62.2' ],
1620 silly audit   '@rollup/rollup-darwin-arm64': [ '4.62.2' ],
1620 silly audit   '@rollup/rollup-darwin-x64': [ '4.62.2' ],
1620 silly audit   '@rollup/rollup-freebsd-arm64': [ '4.62.2' ],
1620 silly audit   '@rollup/rollup-freebsd-x64': [ '4.62.2' ],
1620 silly audit   '@rollup/rollup-linux-arm-gnueabihf': [ '4.62.2' ],
1620 silly audit   '@rollup/rollup-linux-arm-musleabihf': [ '4.62.2' ],
1620 silly audit   '@rollup/rollup-linux-arm64-gnu': [ '4.62.2' ],
1620 silly audit   '@rollup/rollup-linux-arm64-musl': [ '4.62.2' ],
1620 silly audit   '@rollup/rollup-linux-loong64-gnu': [ '4.62.2' ],
1620 silly audit   '@rollup/rollup-linux-loong64-musl': [ '4.62.2' ],
1620 silly audit   '@rollup/rollup-linux-ppc64-gnu': [ '4.62.2' ],
1620 silly audit   '@rollup/rollup-linux-ppc64-musl': [ '4.62.2' ],
1620 silly audit   '@rollup/rollup-linux-riscv64-gnu': [ '4.62.2' ],
1620 silly audit   '@rollup/rollup-linux-riscv64-musl': [ '4.62.2' ],
1620 silly audit   '@rollup/rollup-linux-s390x-gnu': [ '4.62.2' ],
1620 silly audit   '@rollup/rollup-linux-x64-gnu': [ '4.62.2' ],
1620 silly audit   '@rollup/rollup-linux-x64-musl': [ '4.62.2' ],
1620 silly audit   '@rollup/rollup-openbsd-x64': [ '4.62.2' ],
1620 silly audit   '@rollup/rollup-openharmony-arm64': [ '4.62.2' ],
1620 silly audit   '@rollup/rollup-win32-arm64-msvc': [ '4.62.2' ],
1620 silly audit   '@rollup/rollup-win32-ia32-msvc': [ '4.62.2' ],
1620 silly audit   '@rollup/rollup-win32-x64-gnu': [ '4.62.2' ],
1620 silly audit   '@rollup/rollup-win32-x64-msvc': [ '4.62.2' ],
1620 silly audit   '@types/estree': [ '1.0.9' ],
1620 silly audit   isexe: [ '2.0.0' ],
1620 silly audit   'is-bigint': [ '1.1.0' ],
1620 silly audit   'is-boolean-object': [ '1.2.2' ],
1620 silly audit   'is-number-object': [ '1.1.1' ],
1620 silly audit   'is-async-function': [ '2.1.1' ],
1620 silly audit   'is-finalizationregistry': [ '1.1.1' ],
1620 silly audit   'is-generator-function': [ '1.1.2' ],
1620 silly audit   'which-collection': [ '1.0.2' ],
1620 silly audit   'async-function': [ '1.0.0' ],
1620 silly audit   'generator-function': [ '2.0.1' ],
1620 silly audit   'is-map': [ '2.0.3' ],
1620 silly audit   'is-weakmap': [ '2.0.2' ],
1620 silly audit   'is-weakset': [ '2.0.4' ],
1620 silly audit   'node-exports-info': [ '1.6.2' ]
1620 silly audit }
1621 verbose reify failed optional dependency C:\Users\Nishant Mishra\IdeaProjects\QueryStack\QueryStack-FE\node_modules\@rollup\rollup-win32-ia32-msvc
1622 silly reify mark deleted [
1622 silly reify   'C:\\Users\\Nishant Mishra\\IdeaProjects\\QueryStack\\QueryStack-FE\\node_modules\\@rollup\\rollup-win32-ia32-msvc'
1622 silly reify ]
1623 verbose reify failed optional dependency C:\Users\Nishant Mishra\IdeaProjects\QueryStack\QueryStack-FE\node_modules\@rollup\rollup-win32-arm64-msvc
1624 silly reify mark deleted [
1624 silly reify   'C:\\Users\\Nishant Mishra\\IdeaProjects\\QueryStack\\QueryStack-FE\\node_modules\\@rollup\\rollup-win32-arm64-msvc'
1624 silly reify ]
1625 verbose reify failed optional dependency C:\Users\Nishant Mishra\IdeaProjects\QueryStack\QueryStack-FE\node_modules\@rollup\rollup-openharmony-arm64
1626 silly reify mark deleted [
1626 silly reify   'C:\\Users\\Nishant Mishra\\IdeaProjects\\QueryStack\\QueryStack-FE\\node_modules\\@rollup\\rollup-openharmony-arm64'
1626 silly reify ]
1627 verbose reify failed optional dependency C:\Users\Nishant Mishra\IdeaProjects\QueryStack\QueryStack-FE\node_modules\@rollup\rollup-openbsd-x64
1628 silly reify mark deleted [
1628 silly reify   'C:\\Users\\Nishant Mishra\\IdeaProjects\\QueryStack\\QueryStack-FE\\node_modules\\@rollup\\rollup-openbsd-x64'
1628 silly reify ]
1629 verbose reify failed optional dependency C:\Users\Nishant Mishra\IdeaProjects\QueryStack\QueryStack-FE\node_modules\@rollup\rollup-linux-x64-musl
1630 silly reify mark deleted [
1630 silly reify   'C:\\Users\\Nishant Mishra\\IdeaProjects\\QueryStack\\QueryStack-FE\\node_modules\\@rollup\\rollup-linux-x64-musl'
1630 silly reify ]
1631 verbose reify failed optional dependency C:\Users\Nishant Mishra\IdeaProjects\QueryStack\QueryStack-FE\node_modules\@rollup\rollup-linux-x64-gnu
1632 silly reify mark deleted [
1632 silly reify   'C:\\Users\\Nishant Mishra\\IdeaProjects\\QueryStack\\QueryStack-FE\\node_modules\\@rollup\\rollup-linux-x64-gnu'
1632 silly reify ]
1633 verbose reify failed optional dependency C:\Users\Nishant Mishra\IdeaProjects\QueryStack\QueryStack-FE\node_modules\@rollup\rollup-linux-s390x-gnu
1634 silly reify mark deleted [
1634 silly reify   'C:\\Users\\Nishant Mishra\\IdeaProjects\\QueryStack\\QueryStack-FE\\node_modules\\@rollup\\rollup-linux-s390x-gnu'
1634 silly reify ]
1635 verbose reify failed optional dependency C:\Users\Nishant Mishra\IdeaProjects\QueryStack\QueryStack-FE\node_modules\@rollup\rollup-linux-riscv64-musl
1636 silly reify mark deleted [
1636 silly reify   'C:\\Users\\Nishant Mishra\\IdeaProjects\\QueryStack\\QueryStack-FE\\node_modules\\@rollup\\rollup-linux-riscv64-musl'
1636 silly reify ]
1637 verbose reify failed optional dependency C:\Users\Nishant Mishra\IdeaProjects\QueryStack\QueryStack-FE\node_modules\@rollup\rollup-linux-riscv64-gnu
1638 silly reify mark deleted [
1638 silly reify   'C:\\Users\\Nishant Mishra\\IdeaProjects\\QueryStack\\QueryStack-FE\\node_modules\\@rollup\\rollup-linux-riscv64-gnu'
1638 silly reify ]
1639 verbose reify failed optional dependency C:\Users\Nishant Mishra\IdeaProjects\QueryStack\QueryStack-FE\node_modules\@rollup\rollup-linux-ppc64-musl
1640 silly reify mark deleted [
1640 silly reify   'C:\\Users\\Nishant Mishra\\IdeaProjects\\QueryStack\\QueryStack-FE\\node_modules\\@rollup\\rollup-linux-ppc64-musl'
1640 silly reify ]
1641 verbose reify failed optional dependency C:\Users\Nishant Mishra\IdeaProjects\QueryStack\QueryStack-FE\node_modules\@rollup\rollup-linux-ppc64-gnu
1642 silly reify mark deleted [
1642 silly reify   'C:\\Users\\Nishant Mishra\\IdeaProjects\\QueryStack\\QueryStack-FE\\node_modules\\@rollup\\rollup-linux-ppc64-gnu'
1642 silly reify ]
1643 verbose reify failed optional dependency C:\Users\Nishant Mishra\IdeaProjects\QueryStack\QueryStack-FE\node_modules\@rollup\rollup-linux-loong64-musl
1644 silly reify mark deleted [
1644 silly reify   'C:\\Users\\Nishant Mishra\\IdeaProjects\\QueryStack\\QueryStack-FE\\node_modules\\@rollup\\rollup-linux-loong64-musl'
1644 silly reify ]
1645 verbose reify failed optional dependency C:\Users\Nishant Mishra\IdeaProjects\QueryStack\QueryStack-FE\node_modules\@rollup\rollup-linux-loong64-gnu
1646 silly reify mark deleted [
1646 silly reify   'C:\\Users\\Nishant Mishra\\IdeaProjects\\QueryStack\\QueryStack-FE\\node_modules\\@rollup\\rollup-linux-loong64-gnu'
1646 silly reify ]
1647 verbose reify failed optional dependency C:\Users\Nishant Mishra\IdeaProjects\QueryStack\QueryStack-FE\node_modules\@rollup\rollup-linux-arm64-musl
1648 silly reify mark deleted [
1648 silly reify   'C:\\Users\\Nishant Mishra\\IdeaProjects\\QueryStack\\QueryStack-FE\\node_modules\\@rollup\\rollup-linux-arm64-musl'
1648 silly reify ]
1649 verbose reify failed optional dependency C:\Users\Nishant Mishra\IdeaProjects\QueryStack\QueryStack-FE\node_modules\@rollup\rollup-linux-arm64-gnu
1650 silly reify mark deleted [
1650 silly reify   'C:\\Users\\Nishant Mishra\\IdeaProjects\\QueryStack\\QueryStack-FE\\node_modules\\@rollup\\rollup-linux-arm64-gnu'
1650 silly reify ]
1651 verbose reify failed optional dependency C:\Users\Nishant Mishra\IdeaProjects\QueryStack\QueryStack-FE\node_modules\@rollup\rollup-linux-arm-musleabihf
1652 silly reify mark deleted [
1652 silly reify   'C:\\Users\\Nishant Mishra\\IdeaProjects\\QueryStack\\QueryStack-FE\\node_modules\\@rollup\\rollup-linux-arm-musleabihf'
1652 silly reify ]
1653 verbose reify failed optional dependency C:\Users\Nishant Mishra\IdeaProjects\QueryStack\QueryStack-FE\node_modules\@rollup\rollup-linux-arm-gnueabihf
1654 silly reify mark deleted [
1654 silly reify   'C:\\Users\\Nishant Mishra\\IdeaProjects\\QueryStack\\QueryStack-FE\\node_modules\\@rollup\\rollup-linux-arm-gnueabihf'
1654 silly reify ]
1655 verbose reify failed optional dependency C:\Users\Nishant Mishra\IdeaProjects\QueryStack\QueryStack-FE\node_modules\@rollup\rollup-freebsd-x64
1656 silly reify mark deleted [
1656 silly reify   'C:\\Users\\Nishant Mishra\\IdeaProjects\\QueryStack\\QueryStack-FE\\node_modules\\@rollup\\rollup-freebsd-x64'
1656 silly reify ]
1657 verbose reify failed optional dependency C:\Users\Nishant Mishra\IdeaProjects\QueryStack\QueryStack-FE\node_modules\@rollup\rollup-freebsd-arm64
1658 silly reify mark deleted [
1658 silly reify   'C:\\Users\\Nishant Mishra\\IdeaProjects\\QueryStack\\QueryStack-FE\\node_modules\\@rollup\\rollup-freebsd-arm64'
1658 silly reify ]
1659 verbose reify failed optional dependency C:\Users\Nishant Mishra\IdeaProjects\QueryStack\QueryStack-FE\node_modules\@rollup\rollup-darwin-x64
1660 silly reify mark deleted [
1660 silly reify   'C:\\Users\\Nishant Mishra\\IdeaProjects\\QueryStack\\QueryStack-FE\\node_modules\\@rollup\\rollup-darwin-x64'
1660 silly reify ]
1661 verbose reify failed optional dependency C:\Users\Nishant Mishra\IdeaProjects\QueryStack\QueryStack-FE\node_modules\@rollup\rollup-darwin-arm64
1662 silly reify mark deleted [
1662 silly reify   'C:\\Users\\Nishant Mishra\\IdeaProjects\\QueryStack\\QueryStack-FE\\node_modules\\@rollup\\rollup-darwin-arm64'
1662 silly reify ]
1663 verbose reify failed optional dependency C:\Users\Nishant Mishra\IdeaProjects\QueryStack\QueryStack-FE\node_modules\@rollup\rollup-android-arm64
1664 silly reify mark deleted [
1664 silly reify   'C:\\Users\\Nishant Mishra\\IdeaProjects\\QueryStack\\QueryStack-FE\\node_modules\\@rollup\\rollup-android-arm64'
1664 silly reify ]
1665 verbose reify failed optional dependency C:\Users\Nishant Mishra\IdeaProjects\QueryStack\QueryStack-FE\node_modules\@rollup\rollup-android-arm-eabi
1666 silly reify mark deleted [
1666 silly reify   'C:\\Users\\Nishant Mishra\\IdeaProjects\\QueryStack\\QueryStack-FE\\node_modules\\@rollup\\rollup-android-arm-eabi'
1666 silly reify ]
1667 verbose reify failed optional dependency C:\Users\Nishant Mishra\IdeaProjects\QueryStack\QueryStack-FE\node_modules\@esbuild\win32-ia32
1668 silly reify mark deleted [
1668 silly reify   'C:\\Users\\Nishant Mishra\\IdeaProjects\\QueryStack\\QueryStack-FE\\node_modules\\@esbuild\\win32-ia32'
1668 silly reify ]
1669 verbose reify failed optional dependency C:\Users\Nishant Mishra\IdeaProjects\QueryStack\QueryStack-FE\node_modules\@esbuild\win32-arm64
1670 silly reify mark deleted [
1670 silly reify   'C:\\Users\\Nishant Mishra\\IdeaProjects\\QueryStack\\QueryStack-FE\\node_modules\\@esbuild\\win32-arm64'
1670 silly reify ]
1671 verbose reify failed optional dependency C:\Users\Nishant Mishra\IdeaProjects\QueryStack\QueryStack-FE\node_modules\@esbuild\sunos-x64
1672 silly reify mark deleted [
1672 silly reify   'C:\\Users\\Nishant Mishra\\IdeaProjects\\QueryStack\\QueryStack-FE\\node_modules\\@esbuild\\sunos-x64'
1672 silly reify ]
1673 verbose reify failed optional dependency C:\Users\Nishant Mishra\IdeaProjects\QueryStack\QueryStack-FE\node_modules\@esbuild\openbsd-x64
1674 silly reify mark deleted [
1674 silly reify   'C:\\Users\\Nishant Mishra\\IdeaProjects\\QueryStack\\QueryStack-FE\\node_modules\\@esbuild\\openbsd-x64'
1674 silly reify ]
1675 verbose reify failed optional dependency C:\Users\Nishant Mishra\IdeaProjects\QueryStack\QueryStack-FE\node_modules\@esbuild\netbsd-x64
1676 silly reify mark deleted [
1676 silly reify   'C:\\Users\\Nishant Mishra\\IdeaProjects\\QueryStack\\QueryStack-FE\\node_modules\\@esbuild\\netbsd-x64'
1676 silly reify ]
1677 verbose reify failed optional dependency C:\Users\Nishant Mishra\IdeaProjects\QueryStack\QueryStack-FE\node_modules\@esbuild\linux-x64
1678 silly reify mark deleted [
1678 silly reify   'C:\\Users\\Nishant Mishra\\IdeaProjects\\QueryStack\\QueryStack-FE\\node_modules\\@esbuild\\linux-x64'
1678 silly reify ]
1679 verbose reify failed optional dependency C:\Users\Nishant Mishra\IdeaProjects\QueryStack\QueryStack-FE\node_modules\@esbuild\linux-s390x
1680 silly reify mark deleted [
1680 silly reify   'C:\\Users\\Nishant Mishra\\IdeaProjects\\QueryStack\\QueryStack-FE\\node_modules\\@esbuild\\linux-s390x'
1680 silly reify ]
1681 verbose reify failed optional dependency C:\Users\Nishant Mishra\IdeaProjects\QueryStack\QueryStack-FE\node_modules\@esbuild\linux-riscv64
1682 silly reify mark deleted [
1682 silly reify   'C:\\Users\\Nishant Mishra\\IdeaProjects\\QueryStack\\QueryStack-FE\\node_modules\\@esbuild\\linux-riscv64'
1682 silly reify ]
1683 verbose reify failed optional dependency C:\Users\Nishant Mishra\IdeaProjects\QueryStack\QueryStack-FE\node_modules\@esbuild\linux-ppc64
1684 silly reify mark deleted [
1684 silly reify   'C:\\Users\\Nishant Mishra\\IdeaProjects\\QueryStack\\QueryStack-FE\\node_modules\\@esbuild\\linux-ppc64'
1684 silly reify ]
1685 verbose reify failed optional dependency C:\Users\Nishant Mishra\IdeaProjects\QueryStack\QueryStack-FE\node_modules\@esbuild\linux-mips64el
1686 silly reify mark deleted [
1686 silly reify   'C:\\Users\\Nishant Mishra\\IdeaProjects\\QueryStack\\QueryStack-FE\\node_modules\\@esbuild\\linux-mips64el'
1686 silly reify ]
1687 verbose reify failed optional dependency C:\Users\Nishant Mishra\IdeaProjects\QueryStack\QueryStack-FE\node_modules\@esbuild\linux-loong64
1688 silly reify mark deleted [
1688 silly reify   'C:\\Users\\Nishant Mishra\\IdeaProjects\\QueryStack\\QueryStack-FE\\node_modules\\@esbuild\\linux-loong64'
1688 silly reify ]
1689 verbose reify failed optional dependency C:\Users\Nishant Mishra\IdeaProjects\QueryStack\QueryStack-FE\node_modules\@esbuild\linux-ia32
1690 silly reify mark deleted [
1690 silly reify   'C:\\Users\\Nishant Mishra\\IdeaProjects\\QueryStack\\QueryStack-FE\\node_modules\\@esbuild\\linux-ia32'
1690 silly reify ]
1691 verbose reify failed optional dependency C:\Users\Nishant Mishra\IdeaProjects\QueryStack\QueryStack-FE\node_modules\@esbuild\linux-arm64
1692 silly reify mark deleted [
1692 silly reify   'C:\\Users\\Nishant Mishra\\IdeaProjects\\QueryStack\\QueryStack-FE\\node_modules\\@esbuild\\linux-arm64'
1692 silly reify ]
1693 verbose reify failed optional dependency C:\Users\Nishant Mishra\IdeaProjects\QueryStack\QueryStack-FE\node_modules\@esbuild\linux-arm
1694 silly reify mark deleted [
1694 silly reify   'C:\\Users\\Nishant Mishra\\IdeaProjects\\QueryStack\\QueryStack-FE\\node_modules\\@esbuild\\linux-arm'
1694 silly reify ]
1695 verbose reify failed optional dependency C:\Users\Nishant Mishra\IdeaProjects\QueryStack\QueryStack-FE\node_modules\@esbuild\freebsd-x64
1696 silly reify mark deleted [
1696 silly reify   'C:\\Users\\Nishant Mishra\\IdeaProjects\\QueryStack\\QueryStack-FE\\node_modules\\@esbuild\\freebsd-x64'
1696 silly reify ]
1697 verbose reify failed optional dependency C:\Users\Nishant Mishra\IdeaProjects\QueryStack\QueryStack-FE\node_modules\@esbuild\freebsd-arm64
1698 silly reify mark deleted [
1698 silly reify   'C:\\Users\\Nishant Mishra\\IdeaProjects\\QueryStack\\QueryStack-FE\\node_modules\\@esbuild\\freebsd-arm64'
1698 silly reify ]
1699 verbose reify failed optional dependency C:\Users\Nishant Mishra\IdeaProjects\QueryStack\QueryStack-FE\node_modules\@esbuild\darwin-x64
1700 silly reify mark deleted [
1700 silly reify   'C:\\Users\\Nishant Mishra\\IdeaProjects\\QueryStack\\QueryStack-FE\\node_modules\\@esbuild\\darwin-x64'
1700 silly reify ]
1701 verbose reify failed optional dependency C:\Users\Nishant Mishra\IdeaProjects\QueryStack\QueryStack-FE\node_modules\@esbuild\darwin-arm64
1702 silly reify mark deleted [
1702 silly reify   'C:\\Users\\Nishant Mishra\\IdeaProjects\\QueryStack\\QueryStack-FE\\node_modules\\@esbuild\\darwin-arm64'
1702 silly reify ]
1703 verbose reify failed optional dependency C:\Users\Nishant Mishra\IdeaProjects\QueryStack\QueryStack-FE\node_modules\@esbuild\android-x64
1704 silly reify mark deleted [
1704 silly reify   'C:\\Users\\Nishant Mishra\\IdeaProjects\\QueryStack\\QueryStack-FE\\node_modules\\@esbuild\\android-x64'
1704 silly reify ]
1705 verbose reify failed optional dependency C:\Users\Nishant Mishra\IdeaProjects\QueryStack\QueryStack-FE\node_modules\@esbuild\android-arm64
1706 silly reify mark deleted [
1706 silly reify   'C:\\Users\\Nishant Mishra\\IdeaProjects\\QueryStack\\QueryStack-FE\\node_modules\\@esbuild\\android-arm64'
1706 silly reify ]
1707 verbose reify failed optional dependency C:\Users\Nishant Mishra\IdeaProjects\QueryStack\QueryStack-FE\node_modules\@esbuild\android-arm
1708 silly reify mark deleted [
1708 silly reify   'C:\\Users\\Nishant Mishra\\IdeaProjects\\QueryStack\\QueryStack-FE\\node_modules\\@esbuild\\android-arm'
1708 silly reify ]
1709 verbose reify failed optional dependency C:\Users\Nishant Mishra\IdeaProjects\QueryStack\QueryStack-FE\node_modules\@esbuild\aix-ppc64
1710 silly reify mark deleted [
1710 silly reify   'C:\\Users\\Nishant Mishra\\IdeaProjects\\QueryStack\\QueryStack-FE\\node_modules\\@esbuild\\aix-ppc64'
1710 silly reify ]
1711 verbose reify failed optional dependency C:\Users\Nishant Mishra\IdeaProjects\QueryStack\QueryStack-FE\node_modules\fsevents
1712 silly reify mark deleted [
1712 silly reify   'C:\\Users\\Nishant Mishra\\IdeaProjects\\QueryStack\\QueryStack-FE\\node_modules\\fsevents'
1712 silly reify ]
1713 timing reifyNode:node_modules/@rollup/rollup-win32-ia32-msvc Completed in 312ms
1714 timing reifyNode:node_modules/@rollup/rollup-win32-arm64-msvc Completed in 313ms
1715 timing reifyNode:node_modules/@rollup/rollup-openharmony-arm64 Completed in 313ms
1716 timing reifyNode:node_modules/@rollup/rollup-openbsd-x64 Completed in 313ms
1717 timing reifyNode:node_modules/@rollup/rollup-linux-x64-musl Completed in 313ms
1718 timing reifyNode:node_modules/@rollup/rollup-linux-x64-gnu Completed in 313ms
1719 timing reifyNode:node_modules/@rollup/rollup-linux-s390x-gnu Completed in 313ms
1720 timing reifyNode:node_modules/@rollup/rollup-linux-riscv64-musl Completed in 314ms
1721 timing reifyNode:node_modules/@rollup/rollup-linux-riscv64-gnu Completed in 314ms
1722 timing reifyNode:node_modules/@rollup/rollup-linux-ppc64-musl Completed in 314ms
1723 timing reifyNode:node_modules/@rollup/rollup-linux-ppc64-gnu Completed in 314ms
1724 timing reifyNode:node_modules/@rollup/rollup-linux-loong64-musl Completed in 314ms
1725 timing reifyNode:node_modules/@rollup/rollup-linux-loong64-gnu Completed in 314ms
1726 timing reifyNode:node_modules/@rollup/rollup-linux-arm64-musl Completed in 314ms
1727 timing reifyNode:node_modules/@rollup/rollup-linux-arm64-gnu Completed in 314ms
1728 timing reifyNode:node_modules/@rollup/rollup-linux-arm-musleabihf Completed in 314ms
1729 timing reifyNode:node_modules/@rollup/rollup-linux-arm-gnueabihf Completed in 314ms
1730 timing reifyNode:node_modules/@rollup/rollup-freebsd-x64 Completed in 315ms
1731 timing reifyNode:node_modules/@rollup/rollup-freebsd-arm64 Completed in 315ms
1732 timing reifyNode:node_modules/@rollup/rollup-darwin-x64 Completed in 315ms
1733 timing reifyNode:node_modules/@rollup/rollup-darwin-arm64 Completed in 315ms
1734 timing reifyNode:node_modules/@rollup/rollup-android-arm64 Completed in 315ms
1735 timing reifyNode:node_modules/@rollup/rollup-android-arm-eabi Completed in 315ms
1736 timing reifyNode:node_modules/@esbuild/win32-ia32 Completed in 314ms
1737 timing reifyNode:node_modules/@esbuild/win32-arm64 Completed in 314ms
1738 timing reifyNode:node_modules/@esbuild/sunos-x64 Completed in 314ms
1739 timing reifyNode:node_modules/@esbuild/openbsd-x64 Completed in 314ms
1740 timing reifyNode:node_modules/@esbuild/netbsd-x64 Completed in 314ms
1741 timing reifyNode:node_modules/@esbuild/linux-x64 Completed in 314ms
1742 timing reifyNode:node_modules/@esbuild/linux-s390x Completed in 314ms
1743 timing reifyNode:node_modules/@esbuild/linux-riscv64 Completed in 314ms
1744 timing reifyNode:node_modules/@esbuild/linux-ppc64 Completed in 314ms
1745 timing reifyNode:node_modules/@esbuild/linux-mips64el Completed in 315ms
1746 timing reifyNode:node_modules/@esbuild/linux-loong64 Completed in 315ms
1747 timing reifyNode:node_modules/@esbuild/linux-ia32 Completed in 315ms
1748 timing reifyNode:node_modules/@esbuild/linux-arm64 Completed in 315ms
1749 timing reifyNode:node_modules/@esbuild/linux-arm Completed in 315ms
1750 timing reifyNode:node_modules/@esbuild/freebsd-x64 Completed in 315ms
1751 timing reifyNode:node_modules/@esbuild/freebsd-arm64 Completed in 315ms
1752 timing reifyNode:node_modules/@esbuild/darwin-x64 Completed in 315ms
1753 timing reifyNode:node_modules/@esbuild/darwin-arm64 Completed in 315ms
1754 timing reifyNode:node_modules/@esbuild/android-x64 Completed in 315ms
1755 timing reifyNode:node_modules/@esbuild/android-arm64 Completed in 315ms
1756 timing reifyNode:node_modules/@esbuild/android-arm Completed in 315ms
1757 timing reifyNode:node_modules/@esbuild/aix-ppc64 Completed in 320ms
1758 timing reifyNode:node_modules/fsevents Completed in 319ms
1759 silly tarball no local data for node-exports-info@https://registry.npmjs.org/node-exports-info/-/node-exports-info-1.6.2.tgz. Extracting by manifest.
1760 silly tarball no local data for is-map@https://registry.npmjs.org/is-map/-/is-map-2.0.3.tgz. Extracting by manifest.
1761 silly tarball no local data for is-weakmap@https://registry.npmjs.org/is-weakmap/-/is-weakmap-2.0.2.tgz. Extracting by manifest.
1762 silly tarball no local data for is-weakset@https://registry.npmjs.org/is-weakset/-/is-weakset-2.0.4.tgz. Extracting by manifest.
1763 silly tarball no local data for which-collection@https://registry.npmjs.org/which-collection/-/which-collection-1.0.2.tgz. Extracting by manifest.
1764 silly tarball no local data for generator-function@https://registry.npmjs.org/generator-function/-/generator-function-2.0.1.tgz. Extracting by manifest.
1765 silly tarball no local data for is-generator-function@https://registry.npmjs.org/is-generator-function/-/is-generator-function-1.1.2.tgz. Extracting by manifest.
1766 silly tarball no local data for async-function@https://registry.npmjs.org/async-function/-/async-function-1.0.0.tgz. Extracting by manifest.
1767 silly tarball no local data for is-finalizationregistry@https://registry.npmjs.org/is-finalizationregistry/-/is-finalizationregistry-1.1.1.tgz. Extracting by manifest.
1768 silly tarball no local data for is-async-function@https://registry.npmjs.org/is-async-function/-/is-async-function-2.1.1.tgz. Extracting by manifest.
1769 silly tarball no local data for is-number-object@https://registry.npmjs.org/is-number-object/-/is-number-object-1.1.1.tgz. Extracting by manifest.
1770 silly tarball no local data for is-boolean-object@https://registry.npmjs.org/is-boolean-object/-/is-boolean-object-1.2.2.tgz. Extracting by manifest.
1771 silly tarball no local data for is-bigint@https://registry.npmjs.org/is-bigint/-/is-bigint-1.1.0.tgz. Extracting by manifest.
1772 silly tarball no local data for isexe@https://registry.npmjs.org/isexe/-/isexe-2.0.0.tgz. Extracting by manifest.
1773 silly tarball no local data for @types/estree@https://registry.npmjs.org/@types/estree/-/estree-1.0.9.tgz. Extracting by manifest.
1774 silly tarball no local data for @rollup/rollup-win32-x64-gnu@https://registry.npmjs.org/@rollup/rollup-win32-x64-gnu/-/rollup-win32-x64-gnu-4.62.2.tgz. Extracting by manifest.
1775 silly tarball no local data for nanoid@https://registry.npmjs.org/nanoid/-/nanoid-3.3.15.tgz. Extracting by manifest.
1776 silly tarball no local data for @rollup/rollup-win32-x64-msvc@https://registry.npmjs.org/@rollup/rollup-win32-x64-msvc/-/rollup-win32-x64-msvc-4.62.2.tgz. Extracting by manifest.
1777 silly tarball no local data for source-map-js@https://registry.npmjs.org/source-map-js/-/source-map-js-1.2.1.tgz. Extracting by manifest.
1778 silly tarball no local data for @esbuild/win32-x64@https://registry.npmjs.org/@esbuild/win32-x64/-/win32-x64-0.21.5.tgz. Extracting by manifest.
1779 silly tarball no local data for postcss@https://registry.npmjs.org/postcss/-/postcss-8.5.15.tgz. Extracting by manifest.
1780 silly tarball no local data for rollup@https://registry.npmjs.org/rollup/-/rollup-4.62.2.tgz. Extracting by manifest.
1781 silly tarball no local data for esbuild@https://registry.npmjs.org/esbuild/-/esbuild-0.21.5.tgz. Extracting by manifest.
1782 silly tarball no local data for which-boxed-primitive@https://registry.npmjs.org/which-boxed-primitive/-/which-boxed-primitive-1.1.1.tgz. Extracting by manifest.
1783 silly tarball no local data for escalade@https://registry.npmjs.org/escalade/-/escalade-3.2.0.tgz. Extracting by manifest.
1784 silly tarball no local data for punycode@https://registry.npmjs.org/punycode/-/punycode-2.3.1.tgz. Extracting by manifest.
1785 silly tarball no local data for has-bigints@https://registry.npmjs.org/has-bigints/-/has-bigints-1.1.0.tgz. Extracting by manifest.
1786 silly tarball no local data for reflect.getprototypeof@https://registry.npmjs.org/reflect.getprototypeof/-/reflect.getprototypeof-1.0.10.tgz. Extracting by manifest.
1787 silly tarball no local data for for-each@https://registry.npmjs.org/for-each/-/for-each-0.3.5.tgz. Extracting by manifest.
1788 silly tarball no local data for has-flag@https://registry.npmjs.org/has-flag/-/has-flag-4.0.0.tgz. Extracting by manifest.
1789 silly tarball no local data for which-builtin-type@https://registry.npmjs.org/which-builtin-type/-/which-builtin-type-1.2.1.tgz. Extracting by manifest.
1790 silly tarball no local data for side-channel-weakmap@https://registry.npmjs.org/side-channel-weakmap/-/side-channel-weakmap-1.0.2.tgz. Extracting by manifest.
1791 silly tarball no local data for ansi-regex@https://registry.npmjs.org/ansi-regex/-/ansi-regex-5.0.1.tgz. Extracting by manifest.
1792 silly tarball no local data for side-channel-map@https://registry.npmjs.org/side-channel-map/-/side-channel-map-1.0.1.tgz. Extracting by manifest.
1793 silly tarball no local data for shebang-regex@https://registry.npmjs.org/shebang-regex/-/shebang-regex-3.0.0.tgz. Extracting by manifest.
1794 silly tarball no local data for queue-microtask@https://registry.npmjs.org/queue-microtask/-/queue-microtask-1.2.3.tgz. Extracting by manifest.
1795 silly tarball no local data for wrappy@https://registry.npmjs.org/wrappy/-/wrappy-1.0.2.tgz. Extracting by manifest.
1796 silly tarball no local data for side-channel-list@https://registry.npmjs.org/side-channel-list/-/side-channel-list-1.0.1.tgz. Extracting by manifest.
1797 silly tarball no local data for isarray@https://registry.npmjs.org/isarray/-/isarray-2.0.5.tgz. Extracting by manifest.
1798 silly tarball no local data for once@https://registry.npmjs.org/once/-/once-1.4.0.tgz. Extracting by manifest.
1799 silly tarball no local data for path-is-absolute@https://registry.npmjs.org/path-is-absolute/-/path-is-absolute-1.0.1.tgz. Extracting by manifest.
1800 silly tarball no local data for inherits@https://registry.npmjs.org/inherits/-/inherits-2.0.4.tgz. Extracting by manifest.
1801 silly tarball no local data for fs.realpath@https://registry.npmjs.org/fs.realpath/-/fs.realpath-1.0.0.tgz. Extracting by manifest.
1802 silly tarball no local data for glob@https://registry.npmjs.org/glob/-/glob-7.2.3.tgz. Extracting by manifest.
1803 silly tarball no local data for inflight@https://registry.npmjs.org/inflight/-/inflight-1.0.6.tgz. Extracting by manifest.
1804 silly tarball no local data for path-parse@https://registry.npmjs.org/path-parse/-/path-parse-1.0.7.tgz. Extracting by manifest.
1805 silly tarball no local data for supports-preserve-symlinks-flag@https://registry.npmjs.org/supports-preserve-symlinks-flag/-/supports-preserve-symlinks-flag-1.0.0.tgz. Extracting by manifest.
1806 silly tarball no local data for is-core-module@https://registry.npmjs.org/is-core-module/-/is-core-module-2.16.2.tgz. Extracting by manifest.
1807 silly tarball no local data for scheduler@https://registry.npmjs.org/scheduler/-/scheduler-0.23.2.tgz. Extracting by manifest.
1808 silly tarball no local data for loose-envify@https://registry.npmjs.org/loose-envify/-/loose-envify-1.4.0.tgz. Extracting by manifest.
1809 silly tarball no local data for dom-helpers@https://registry.npmjs.org/dom-helpers/-/dom-helpers-5.2.1.tgz. Extracting by manifest.
1810 silly tarball no local data for object-assign@https://registry.npmjs.org/object-assign/-/object-assign-4.1.1.tgz. Extracting by manifest.
1811 silly tarball no local data for json-parse-even-better-errors@https://registry.npmjs.org/json-parse-even-better-errors/-/json-parse-even-better-errors-2.3.1.tgz. Extracting by manifest.
1812 silly tarball no local data for is-arrayish@https://registry.npmjs.org/is-arrayish/-/is-arrayish-0.2.1.tgz. Extracting by manifest.
1813 silly tarball no local data for error-ex@https://registry.npmjs.org/error-ex/-/error-ex-1.3.4.tgz. Extracting by manifest.
1814 silly tarball no local data for lines-and-columns@https://registry.npmjs.org/lines-and-columns/-/lines-and-columns-1.2.4.tgz. Extracting by manifest.
1815 silly tarball no local data for yocto-queue@https://registry.npmjs.org/yocto-queue/-/yocto-queue-0.1.0.tgz. Extracting by manifest.
1816 silly tarball no local data for p-limit@https://registry.npmjs.org/p-limit/-/p-limit-3.1.0.tgz. Extracting by manifest.
1817 silly tarball no local data for deep-is@https://registry.npmjs.org/deep-is/-/deep-is-0.1.4.tgz. Extracting by manifest.
1818 silly tarball no local data for callsites@https://registry.npmjs.org/callsites/-/callsites-3.1.0.tgz. Extracting by manifest.
1819 silly tarball no local data for word-wrap@https://registry.npmjs.org/word-wrap/-/word-wrap-1.2.5.tgz. Extracting by manifest.
1820 silly tarball no local data for fast-levenshtein@https://registry.npmjs.org/fast-levenshtein/-/fast-levenshtein-2.0.6.tgz. Extracting by manifest.
1821 silly tarball no local data for balanced-match@https://registry.npmjs.org/balanced-match/-/balanced-match-1.0.2.tgz. Extracting by manifest.
1822 silly tarball no local data for concat-map@https://registry.npmjs.org/concat-map/-/concat-map-0.0.1.tgz. Extracting by manifest.
1823 silly tarball no local data for yallist@https://registry.npmjs.org/yallist/-/yallist-3.1.1.tgz. Extracting by manifest.
1824 silly tarball no local data for brace-expansion@https://registry.npmjs.org/brace-expansion/-/brace-expansion-1.1.15.tgz. Extracting by manifest.
1825 silly tarball no local data for p-locate@https://registry.npmjs.org/p-locate/-/p-locate-5.0.0.tgz. Extracting by manifest.
1826 silly tarball no local data for type-check@https://registry.npmjs.org/type-check/-/type-check-0.4.0.tgz. Extracting by manifest.
1827 silly tarball no local data for json-buffer@https://registry.npmjs.org/json-buffer/-/json-buffer-3.0.1.tgz. Extracting by manifest.
1828 silly tarball no local data for array.prototype.flat@https://registry.npmjs.org/array.prototype.flat/-/array.prototype.flat-1.3.3.tgz. Extracting by manifest.
1829 silly tarball no local data for set-function-name@https://registry.npmjs.org/set-function-name/-/set-function-name-2.0.2.tgz. Extracting by manifest.
1830 silly tarball no local data for prelude-ls@https://registry.npmjs.org/prelude-ls/-/prelude-ls-1.2.1.tgz. Extracting by manifest.
1831 silly tarball no local data for argparse@https://registry.npmjs.org/argparse/-/argparse-2.0.1.tgz. Extracting by manifest.
1832 silly tarball no local data for resolve-from@https://registry.npmjs.org/resolve-from/-/resolve-from-4.0.0.tgz. Extracting by manifest.
1833 silly tarball no local data for is-extglob@https://registry.npmjs.org/is-extglob/-/is-extglob-2.1.1.tgz. Extracting by manifest.
1834 silly tarball no local data for side-channel@https://registry.npmjs.org/side-channel/-/side-channel-1.1.1.tgz. Extracting by manifest.
1835 silly tarball no local data for type-fest@https://registry.npmjs.org/type-fest/-/type-fest-0.20.2.tgz. Extracting by manifest.
1836 silly tarball no local data for dunder-proto@https://registry.npmjs.org/dunder-proto/-/dunder-proto-1.0.1.tgz. Extracting by manifest.
1837 silly tarball no local data for parent-module@https://registry.npmjs.org/parent-module/-/parent-module-1.0.1.tgz. Extracting by manifest.
1838 silly tarball no local data for keyv@https://registry.npmjs.org/keyv/-/keyv-4.5.4.tgz. Extracting by manifest.
1839 silly tarball no local data for is-document.all@https://registry.npmjs.org/is-document.all/-/is-document.all-1.0.0.tgz. Extracting by manifest.
1840 silly tarball no local data for rimraf@https://registry.npmjs.org/rimraf/-/rimraf-3.0.2.tgz. Extracting by manifest.
1841 silly tarball no local data for flatted@https://registry.npmjs.org/flatted/-/flatted-3.4.2.tgz. Extracting by manifest.
1842 silly tarball no local data for locate-path@https://registry.npmjs.org/locate-path/-/locate-path-6.0.0.tgz. Extracting by manifest.
1843 silly tarball no local data for path-exists@https://registry.npmjs.org/path-exists/-/path-exists-4.0.0.tgz. Extracting by manifest.
1844 silly tarball no local data for acorn-jsx@https://registry.npmjs.org/acorn-jsx/-/acorn-jsx-5.3.2.tgz. Extracting by manifest.
1845 silly tarball no local data for reusify@https://registry.npmjs.org/reusify/-/reusify-1.1.0.tgz. Extracting by manifest.
1846 silly tarball no local data for functions-have-names@https://registry.npmjs.org/functions-have-names/-/functions-have-names-1.2.3.tgz. Extracting by manifest.
1847 silly tarball no local data for flat-cache@https://registry.npmjs.org/flat-cache/-/flat-cache-3.2.0.tgz. Extracting by manifest.
1848 silly tarball no local data for is-symbol@https://registry.npmjs.org/is-symbol/-/is-symbol-1.1.1.tgz. Extracting by manifest.
1849 silly tarball no local data for esrecurse@https://registry.npmjs.org/esrecurse/-/esrecurse-4.3.0.tgz. Extracting by manifest.
1850 silly tarball no local data for acorn@https://registry.npmjs.org/acorn/-/acorn-8.17.0.tgz. Extracting by manifest.
1851 silly tarball no local data for is-date-object@https://registry.npmjs.org/is-date-object/-/is-date-object-1.1.0.tgz. Extracting by manifest.
1852 silly tarball no local data for iterator.prototype@https://registry.npmjs.org/iterator.prototype/-/iterator.prototype-1.1.5.tgz. Extracting by manifest.
1853 silly tarball no local data for has-tostringtag@https://registry.npmjs.org/has-tostringtag/-/has-tostringtag-1.0.2.tgz. Extracting by manifest.
1854 silly tarball no local data for es-abstract-get@https://registry.npmjs.org/es-abstract-get/-/es-abstract-get-1.0.0.tgz. Extracting by manifest.
1855 silly tarball no local data for unbox-primitive@https://registry.npmjs.org/unbox-primitive/-/unbox-primitive-1.1.0.tgz. Extracting by manifest.
1856 silly tarball no local data for possible-typed-array-names@https://registry.npmjs.org/possible-typed-array-names/-/possible-typed-array-names-1.1.0.tgz. Extracting by manifest.
1857 silly tarball no local data for which-typed-array@https://registry.npmjs.org/which-typed-array/-/which-typed-array-1.1.22.tgz. Extracting by manifest.
1858 silly tarball no local data for typed-array-byte-offset@https://registry.npmjs.org/typed-array-byte-offset/-/typed-array-byte-offset-1.0.4.tgz. Extracting by manifest.
1859 silly tarball no local data for typed-array-length@https://registry.npmjs.org/typed-array-length/-/typed-array-length-1.0.8.tgz. Extracting by manifest.
1860 silly tarball no local data for typed-array-byte-length@https://registry.npmjs.org/typed-array-byte-length/-/typed-array-byte-length-1.0.3.tgz. Extracting by manifest.
1861 silly tarball no local data for string.prototype.trimend@https://registry.npmjs.org/string.prototype.trimend/-/string.prototype.trimend-1.0.10.tgz. Extracting by manifest.
1862 silly tarball no local data for typed-array-buffer@https://registry.npmjs.org/typed-array-buffer/-/typed-array-buffer-1.0.3.tgz. Extracting by manifest.
1863 silly tarball no local data for string.prototype.trimstart@https://registry.npmjs.org/string.prototype.trimstart/-/string.prototype.trimstart-1.0.8.tgz. Extracting by manifest.
1864 silly tarball no local data for string.prototype.trim@https://registry.npmjs.org/string.prototype.trim/-/string.prototype.trim-1.2.11.tgz. Extracting by manifest.
1865 silly tarball no local data for set-proto@https://registry.npmjs.org/set-proto/-/set-proto-1.0.0.tgz. Extracting by manifest.
1866 silly tarball no local data for stop-iteration-iterator@https://registry.npmjs.org/stop-iteration-iterator/-/stop-iteration-iterator-1.1.0.tgz. Extracting by manifest.
1867 silly tarball no local data for safe-array-concat@https://registry.npmjs.org/safe-array-concat/-/safe-array-concat-1.1.4.tgz. Extracting by manifest.
1868 silly tarball no local data for safe-regex-test@https://registry.npmjs.org/safe-regex-test/-/safe-regex-test-1.1.0.tgz. Extracting by manifest.
1869 silly tarball no local data for safe-push-apply@https://registry.npmjs.org/safe-push-apply/-/safe-push-apply-1.0.0.tgz. Extracting by manifest.
1870 silly tarball no local data for own-keys@https://registry.npmjs.org/own-keys/-/own-keys-1.0.1.tgz. Extracting by manifest.
1871 silly tarball no local data for regexp.prototype.flags@https://registry.npmjs.org/regexp.prototype.flags/-/regexp.prototype.flags-1.5.4.tgz. Extracting by manifest.
1872 silly tarball no local data for is-weakref@https://registry.npmjs.org/is-weakref/-/is-weakref-1.1.1.tgz. Extracting by manifest.
1873 silly tarball no local data for object-inspect@https://registry.npmjs.org/object-inspect/-/object-inspect-1.13.4.tgz. Extracting by manifest.
1874 silly tarball no local data for object.assign@https://registry.npmjs.org/object.assign/-/object.assign-4.1.7.tgz. Extracting by manifest.
1875 silly tarball no local data for is-regex@https://registry.npmjs.org/is-regex/-/is-regex-1.2.1.tgz. Extracting by manifest.
1876 silly tarball no local data for is-typed-array@https://registry.npmjs.org/is-typed-array/-/is-typed-array-1.1.15.tgz. Extracting by manifest.
1877 silly tarball no local data for is-data-view@https://registry.npmjs.org/is-data-view/-/is-data-view-1.0.2.tgz. Extracting by manifest.
1878 silly tarball no local data for is-shared-array-buffer@https://registry.npmjs.org/is-shared-array-buffer/-/is-shared-array-buffer-1.0.4.tgz. Extracting by manifest.
1879 silly tarball no local data for is-negative-zero@https://registry.npmjs.org/is-negative-zero/-/is-negative-zero-2.0.3.tgz. Extracting by manifest.
1880 silly tarball no local data for is-array-buffer@https://registry.npmjs.org/is-array-buffer/-/is-array-buffer-3.0.5.tgz. Extracting by manifest.
1881 silly tarball no local data for is-set@https://registry.npmjs.org/is-set/-/is-set-2.0.3.tgz. Extracting by manifest.
1882 silly tarball no local data for is-callable@https://registry.npmjs.org/is-callable/-/is-callable-1.2.7.tgz. Extracting by manifest.
1883 silly tarball no local data for globalthis@https://registry.npmjs.org/globalthis/-/globalthis-1.0.4.tgz. Extracting by manifest.
1884 silly tarball no local data for internal-slot@https://registry.npmjs.org/internal-slot/-/internal-slot-1.1.0.tgz. Extracting by manifest.
1885 silly tarball no local data for has-symbols@https://registry.npmjs.org/has-symbols/-/has-symbols-1.1.0.tgz. Extracting by manifest.
1886 silly tarball no local data for get-symbol-description@https://registry.npmjs.org/get-symbol-description/-/get-symbol-description-1.1.0.tgz. Extracting by manifest.
1887 silly tarball no local data for has-proto@https://registry.npmjs.org/has-proto/-/has-proto-1.2.0.tgz. Extracting by manifest.
1888 silly tarball no local data for get-proto@https://registry.npmjs.org/get-proto/-/get-proto-1.0.1.tgz. Extracting by manifest.
1889 silly tarball no local data for es-to-primitive@https://registry.npmjs.org/es-to-primitive/-/es-to-primitive-1.3.1.tgz. Extracting by manifest.
1890 silly tarball no local data for es-set-tostringtag@https://registry.npmjs.org/es-set-tostringtag/-/es-set-tostringtag-2.1.0.tgz. Extracting by manifest.
1891 silly tarball no local data for function.prototype.name@https://registry.npmjs.org/function.prototype.name/-/function.prototype.name-1.2.0.tgz. Extracting by manifest.
1892 silly tarball no local data for data-view-byte-length@https://registry.npmjs.org/data-view-byte-length/-/data-view-byte-length-1.0.2.tgz. Extracting by manifest.
1893 silly tarball no local data for data-view-buffer@https://registry.npmjs.org/data-view-buffer/-/data-view-buffer-1.0.2.tgz. Extracting by manifest.
1894 silly tarball no local data for available-typed-arrays@https://registry.npmjs.org/available-typed-arrays/-/available-typed-arrays-1.0.7.tgz. Extracting by manifest.
1895 silly tarball no local data for data-view-byte-offset@https://registry.npmjs.org/data-view-byte-offset/-/data-view-byte-offset-1.0.1.tgz. Extracting by manifest.
1896 silly tarball no local data for arraybuffer.prototype.slice@https://registry.npmjs.org/arraybuffer.prototype.slice/-/arraybuffer.prototype.slice-1.0.4.tgz. Extracting by manifest.
1897 silly tarball no local data for gopd@https://registry.npmjs.org/gopd/-/gopd-1.2.0.tgz. Extracting by manifest.
1898 silly tarball no local data for array-buffer-byte-length@https://registry.npmjs.org/array-buffer-byte-length/-/array-buffer-byte-length-1.0.2.tgz. Extracting by manifest.
1899 silly tarball no local data for object-keys@https://registry.npmjs.org/object-keys/-/object-keys-1.1.1.tgz. Extracting by manifest.
1900 silly tarball no local data for has-property-descriptors@https://registry.npmjs.org/has-property-descriptors/-/has-property-descriptors-1.0.2.tgz. Extracting by manifest.
1901 silly tarball no local data for define-data-property@https://registry.npmjs.org/define-data-property/-/define-data-property-1.1.4.tgz. Extracting by manifest.
1902 silly tarball no local data for function-bind@https://registry.npmjs.org/function-bind/-/function-bind-1.1.2.tgz. Extracting by manifest.
1903 silly tarball no local data for call-bind-apply-helpers@https://registry.npmjs.org/call-bind-apply-helpers/-/call-bind-apply-helpers-1.0.2.tgz. Extracting by manifest.
1904 silly tarball no local data for es-define-property@https://registry.npmjs.org/es-define-property/-/es-define-property-1.0.1.tgz. Extracting by manifest.
1905 silly tarball no local data for set-function-length@https://registry.npmjs.org/set-function-length/-/set-function-length-1.2.2.tgz. Extracting by manifest.
1906 silly tarball no local data for es-shim-unscopables@https://registry.npmjs.org/es-shim-unscopables/-/es-shim-unscopables-1.1.0.tgz. Extracting by manifest.
1907 silly tarball no local data for math-intrinsics@https://registry.npmjs.org/math-intrinsics/-/math-intrinsics-1.1.0.tgz. Extracting by manifest.
1908 silly tarball no local data for es-errors@https://registry.npmjs.org/es-errors/-/es-errors-1.3.0.tgz. Extracting by manifest.
1909 silly tarball no local data for is-string@https://registry.npmjs.org/is-string/-/is-string-1.1.1.tgz. Extracting by manifest.
1910 silly tarball no local data for get-intrinsic@https://registry.npmjs.org/get-intrinsic/-/get-intrinsic-1.3.0.tgz. Extracting by manifest.
1911 silly tarball no local data for es-abstract@https://registry.npmjs.org/es-abstract/-/es-abstract-1.24.2.tgz. Extracting by manifest.
1912 silly tarball no local data for call-bound@https://registry.npmjs.org/call-bound/-/call-bound-1.0.4.tgz. Extracting by manifest.
1913 silly tarball no local data for es-object-atoms@https://registry.npmjs.org/es-object-atoms/-/es-object-atoms-1.1.2.tgz. Extracting by manifest.
1914 silly tarball no local data for define-properties@https://registry.npmjs.org/define-properties/-/define-properties-1.2.1.tgz. Extracting by manifest.
1915 silly tarball no local data for string.prototype.repeat@https://registry.npmjs.org/string.prototype.repeat/-/string.prototype.repeat-1.0.0.tgz. Extracting by manifest.
1916 silly tarball no local data for call-bind@https://registry.npmjs.org/call-bind/-/call-bind-1.0.9.tgz. Extracting by manifest.
1917 silly tarball no local data for object.values@https://registry.npmjs.org/object.values/-/object.values-1.2.1.tgz. Extracting by manifest.
1918 silly tarball no local data for string.prototype.matchall@https://registry.npmjs.org/string.prototype.matchall/-/string.prototype.matchall-4.0.12.tgz. Extracting by manifest.
1919 silly tarball no local data for object.fromentries@https://registry.npmjs.org/object.fromentries/-/object.fromentries-2.0.8.tgz. Extracting by manifest.
1920 silly tarball no local data for object.entries@https://registry.npmjs.org/object.entries/-/object.entries-1.1.9.tgz. Extracting by manifest.
1921 silly tarball no local data for jsx-ast-utils@https://registry.npmjs.org/jsx-ast-utils/-/jsx-ast-utils-3.3.5.tgz. Extracting by manifest.
1922 silly tarball no local data for estraverse@https://registry.npmjs.org/estraverse/-/estraverse-5.3.0.tgz. Extracting by manifest.
1923 silly tarball no local data for es-iterator-helpers@https://registry.npmjs.org/es-iterator-helpers/-/es-iterator-helpers-1.3.3.tgz. Extracting by manifest.
1924 silly tarball no local data for array.prototype.tosorted@https://registry.npmjs.org/array.prototype.tosorted/-/array.prototype.tosorted-1.1.4.tgz. Extracting by manifest.
1925 silly tarball no local data for hasown@https://registry.npmjs.org/hasown/-/hasown-2.0.4.tgz. Extracting by manifest.
1926 silly tarball no local data for shebang-command@https://registry.npmjs.org/shebang-command/-/shebang-command-2.0.0.tgz. Extracting by manifest.
1927 silly tarball no local data for array.prototype.findlast@https://registry.npmjs.org/array.prototype.findlast/-/array.prototype.findlast-1.2.5.tgz. Extracting by manifest.
1928 silly tarball no local data for array.prototype.flatmap@https://registry.npmjs.org/array.prototype.flatmap/-/array.prototype.flatmap-1.3.3.tgz. Extracting by manifest.
1929 silly tarball no local data for array-includes@https://registry.npmjs.org/array-includes/-/array-includes-3.1.9.tgz. Extracting by manifest.
1930 silly tarball no local data for which@https://registry.npmjs.org/which/-/which-2.0.2.tgz. Extracting by manifest.
1931 silly tarball no local data for color-convert@https://registry.npmjs.org/color-convert/-/color-convert-2.0.1.tgz. Extracting by manifest.
1932 silly tarball no local data for json-schema-traverse@https://registry.npmjs.org/json-schema-traverse/-/json-schema-traverse-0.4.1.tgz. Extracting by manifest.
1933 silly tarball no local data for path-key@https://registry.npmjs.org/path-key/-/path-key-3.1.1.tgz. Extracting by manifest.
1934 silly tarball no local data for color-name@https://registry.npmjs.org/color-name/-/color-name-1.1.4.tgz. Extracting by manifest.
1935 silly tarball no local data for supports-color@https://registry.npmjs.org/supports-color/-/supports-color-7.2.0.tgz. Extracting by manifest.
1936 silly tarball no local data for ansi-styles@https://registry.npmjs.org/ansi-styles/-/ansi-styles-4.3.0.tgz. Extracting by manifest.
1937 silly tarball no local data for uri-js@https://registry.npmjs.org/uri-js/-/uri-js-4.4.1.tgz. Extracting by manifest.
1938 silly tarball no local data for run-parallel@https://registry.npmjs.org/run-parallel/-/run-parallel-1.2.0.tgz. Extracting by manifest.
1939 silly tarball no local data for fast-json-stable-stringify@https://registry.npmjs.org/fast-json-stable-stringify/-/fast-json-stable-stringify-2.1.0.tgz. Extracting by manifest.
1940 silly tarball no local data for @humanwhocodes/object-schema@https://registry.npmjs.org/@humanwhocodes/object-schema/-/object-schema-2.0.3.tgz. Extracting by manifest.
1941 silly tarball no local data for strip-json-comments@https://registry.npmjs.org/strip-json-comments/-/strip-json-comments-3.1.1.tgz. Extracting by manifest.
1942 silly tarball no local data for fastq@https://registry.npmjs.org/fastq/-/fastq-1.20.1.tgz. Extracting by manifest.
1943 silly tarball no local data for @nodelib/fs.scandir@https://registry.npmjs.org/@nodelib/fs.scandir/-/fs.scandir-2.1.5.tgz. Extracting by manifest.
1944 silly tarball no local data for strip-ansi@https://registry.npmjs.org/strip-ansi/-/strip-ansi-6.0.1.tgz. Extracting by manifest.
1945 silly tarball no local data for text-table@https://registry.npmjs.org/text-table/-/text-table-0.2.0.tgz. Extracting by manifest.
1946 silly tarball no local data for @nodelib/fs.stat@https://registry.npmjs.org/@nodelib/fs.stat/-/fs.stat-2.0.5.tgz. Extracting by manifest.
1947 silly tarball no local data for natural-compare@https://registry.npmjs.org/natural-compare/-/natural-compare-1.4.0.tgz. Extracting by manifest.
1948 silly tarball no local data for optionator@https://registry.npmjs.org/optionator/-/optionator-0.9.4.tgz. Extracting by manifest.
1949 silly tarball no local data for lodash.merge@https://registry.npmjs.org/lodash.merge/-/lodash.merge-4.6.2.tgz. Extracting by manifest.
1950 silly tarball no local data for minimatch@https://registry.npmjs.org/minimatch/-/minimatch-3.1.5.tgz. Extracting by manifest.
1951 silly tarball no local data for levn@https://registry.npmjs.org/levn/-/levn-0.4.1.tgz. Extracting by manifest.
1952 silly tarball no local data for js-yaml@https://registry.npmjs.org/js-yaml/-/js-yaml-4.2.0.tgz. Extracting by manifest.
1953 silly tarball no local data for json-stable-stringify-without-jsonify@https://registry.npmjs.org/json-stable-stringify-without-jsonify/-/json-stable-stringify-without-jsonify-1.0.1.tgz. Extracting by manifest.
1954 silly tarball no local data for is-path-inside@https://registry.npmjs.org/is-path-inside/-/is-path-inside-3.0.3.tgz. Extracting by manifest.
1955 silly tarball no local data for imurmurhash@https://registry.npmjs.org/imurmurhash/-/imurmurhash-0.1.4.tgz. Extracting by manifest.
1956 silly tarball no local data for graphemer@https://registry.npmjs.org/graphemer/-/graphemer-1.4.0.tgz. Extracting by manifest.
1957 silly tarball no local data for is-glob@https://registry.npmjs.org/is-glob/-/is-glob-4.0.3.tgz. Extracting by manifest.
1958 silly tarball no local data for ignore@https://registry.npmjs.org/ignore/-/ignore-5.3.2.tgz. Extracting by manifest.
1959 silly tarball no local data for globals@https://registry.npmjs.org/globals/-/globals-13.24.0.tgz. Extracting by manifest.
1960 silly tarball no local data for glob-parent@https://registry.npmjs.org/glob-parent/-/glob-parent-6.0.2.tgz. Extracting by manifest.
1961 silly tarball no local data for find-up@https://registry.npmjs.org/find-up/-/find-up-5.0.0.tgz. Extracting by manifest.
1962 silly tarball no local data for fast-deep-equal@https://registry.npmjs.org/fast-deep-equal/-/fast-deep-equal-3.1.3.tgz. Extracting by manifest.
1963 silly tarball no local data for file-entry-cache@https://registry.npmjs.org/file-entry-cache/-/file-entry-cache-6.0.1.tgz. Extracting by manifest.
1964 silly tarball no local data for esquery@https://registry.npmjs.org/esquery/-/esquery-1.7.0.tgz. Extracting by manifest.
1965 silly tarball no local data for espree@https://registry.npmjs.org/espree/-/espree-9.6.1.tgz. Extracting by manifest.
1966 silly tarball no local data for esutils@https://registry.npmjs.org/esutils/-/esutils-2.0.3.tgz. Extracting by manifest.
1967 silly tarball no local data for eslint-visitor-keys@https://registry.npmjs.org/eslint-visitor-keys/-/eslint-visitor-keys-3.4.3.tgz. Extracting by manifest.
1968 silly tarball no local data for eslint-scope@https://registry.npmjs.org/eslint-scope/-/eslint-scope-7.2.2.tgz. Extracting by manifest.
1969 silly tarball no local data for cross-spawn@https://registry.npmjs.org/cross-spawn/-/cross-spawn-7.0.6.tgz. Extracting by manifest.
1970 silly tarball no local data for ajv@https://registry.npmjs.org/ajv/-/ajv-6.15.0.tgz. Extracting by manifest.
1971 silly tarball no local data for @ungap/structured-clone@https://registry.npmjs.org/@ungap/structured-clone/-/structured-clone-1.3.2.tgz. Extracting by manifest.
1972 silly tarball no local data for @eslint/eslintrc@https://registry.npmjs.org/@eslint/eslintrc/-/eslintrc-2.1.4.tgz. Extracting by manifest.
1973 silly tarball no local data for doctrine@https://registry.npmjs.org/doctrine/-/doctrine-3.0.0.tgz. Extracting by manifest.
1974 silly tarball no local data for @eslint/js@https://registry.npmjs.org/@eslint/js/-/js-8.57.1.tgz. Extracting by manifest.
1975 silly tarball no local data for @eslint-community/eslint-utils@https://registry.npmjs.org/@eslint-community/eslint-utils/-/eslint-utils-4.9.1.tgz. Extracting by manifest.
1976 silly tarball no local data for @humanwhocodes/config-array@https://registry.npmjs.org/@humanwhocodes/config-array/-/config-array-0.13.0.tgz. Extracting by manifest.
1977 silly tarball no local data for yaml@https://registry.npmjs.org/yaml/-/yaml-1.10.3.tgz. Extracting by manifest.
1978 silly tarball no local data for @types/parse-json@https://registry.npmjs.org/@types/parse-json/-/parse-json-4.0.2.tgz. Extracting by manifest.
1979 silly tarball no local data for path-type@https://registry.npmjs.org/path-type/-/path-type-4.0.0.tgz. Extracting by manifest.
1980 silly tarball no local data for @nodelib/fs.walk@https://registry.npmjs.org/@nodelib/fs.walk/-/fs.walk-1.2.8.tgz. Extracting by manifest.
1981 silly tarball no local data for @eslint-community/regexpp@https://registry.npmjs.org/@eslint-community/regexpp/-/regexpp-4.12.2.tgz. Extracting by manifest.
1982 silly tarball no local data for ms@https://registry.npmjs.org/ms/-/ms-2.1.3.tgz. Extracting by manifest.
1983 silly tarball no local data for import-fresh@https://registry.npmjs.org/import-fresh/-/import-fresh-3.3.1.tgz. Extracting by manifest.
1984 silly tarball no local data for electron-to-chromium@https://registry.npmjs.org/electron-to-chromium/-/electron-to-chromium-1.5.378.tgz. Extracting by manifest.
1985 silly tarball no local data for parse-json@https://registry.npmjs.org/parse-json/-/parse-json-5.2.0.tgz. Extracting by manifest.
1986 silly tarball no local data for update-browserslist-db@https://registry.npmjs.org/update-browserslist-db/-/update-browserslist-db-1.2.3.tgz. Extracting by manifest.
1987 silly tarball no local data for node-releases@https://registry.npmjs.org/node-releases/-/node-releases-2.0.50.tgz. Extracting by manifest.
1988 silly tarball no local data for caniuse-lite@https://registry.npmjs.org/caniuse-lite/-/caniuse-lite-1.0.30001799.tgz. Extracting by manifest.
1989 silly tarball no local data for baseline-browser-mapping@https://registry.npmjs.org/baseline-browser-mapping/-/baseline-browser-mapping-2.10.38.tgz. Extracting by manifest.
1990 silly tarball no local data for resolve@https://registry.npmjs.org/resolve/-/resolve-1.22.12.tgz. Extracting by manifest.
1991 silly tarball no local data for cosmiconfig@https://registry.npmjs.org/cosmiconfig/-/cosmiconfig-7.1.0.tgz. Extracting by manifest.
1992 silly tarball no local data for @types/babel__traverse@https://registry.npmjs.org/@types/babel__traverse/-/babel__traverse-7.28.0.tgz. Extracting by manifest.
1993 silly tarball no local data for @babel/helper-plugin-utils@https://registry.npmjs.org/@babel/helper-plugin-utils/-/helper-plugin-utils-7.29.7.tgz. Extracting by manifest.
1994 silly tarball no local data for @types/babel__generator@https://registry.npmjs.org/@types/babel__generator/-/babel__generator-7.27.0.tgz. Extracting by manifest.
1995 silly tarball no local data for lru-cache@https://registry.npmjs.org/lru-cache/-/lru-cache-5.1.1.tgz. Extracting by manifest.
1996 silly tarball no local data for @babel/compat-data@https://registry.npmjs.org/@babel/compat-data/-/compat-data-7.29.7.tgz. Extracting by manifest.
1997 silly tarball no local data for @babel/helper-validator-option@https://registry.npmjs.org/@babel/helper-validator-option/-/helper-validator-option-7.29.7.tgz. Extracting by manifest.
1998 silly tarball no local data for @humanwhocodes/module-importer@https://registry.npmjs.org/@humanwhocodes/module-importer/-/module-importer-1.0.1.tgz. Extracting by manifest.
1999 silly tarball no local data for @types/babel__template@https://registry.npmjs.org/@types/babel__template/-/babel__template-7.4.4.tgz. Extracting by manifest.
2000 silly tarball no local data for chalk@https://registry.npmjs.org/chalk/-/chalk-4.1.2.tgz. Extracting by manifest.
2001 silly tarball no local data for browserslist@https://registry.npmjs.org/browserslist/-/browserslist-4.28.4.tgz. Extracting by manifest.
2002 silly tarball no local data for @jridgewell/remapping@https://registry.npmjs.org/@jridgewell/remapping/-/remapping-2.3.5.tgz. Extracting by manifest.
2003 silly tarball no local data for semver@https://registry.npmjs.org/semver/-/semver-6.3.1.tgz. Extracting by manifest.
2004 silly tarball no local data for @babel/helper-module-transforms@https://registry.npmjs.org/@babel/helper-module-transforms/-/helper-module-transforms-7.29.7.tgz. Extracting by manifest.
2005 silly tarball no local data for @babel/helpers@https://registry.npmjs.org/@babel/helpers/-/helpers-7.29.7.tgz. Extracting by manifest.
2006 silly tarball no local data for @babel/helper-compilation-targets@https://registry.npmjs.org/@babel/helper-compilation-targets/-/helper-compilation-targets-7.29.7.tgz. Extracting by manifest.
2007 silly tarball no local data for @types/babel__core@https://registry.npmjs.org/@types/babel__core/-/babel__core-7.20.5.tgz. Extracting by manifest.
2008 silly tarball no local data for @types/prop-types@https://registry.npmjs.org/@types/prop-types/-/prop-types-15.7.15.tgz. Extracting by manifest.
2009 silly tarball no local data for gensync@https://registry.npmjs.org/gensync/-/gensync-1.0.0-beta.2.tgz. Extracting by manifest.
2010 silly tarball no local data for react-refresh@https://registry.npmjs.org/react-refresh/-/react-refresh-0.17.0.tgz. Extracting by manifest.
2011 silly tarball no local data for @rolldown/pluginutils@https://registry.npmjs.org/@rolldown/pluginutils/-/pluginutils-1.0.0-beta.27.tgz. Extracting by manifest.
2012 silly tarball no local data for json5@https://registry.npmjs.org/json5/-/json5-2.2.3.tgz. Extracting by manifest.
2013 silly tarball no local data for @mui/styled-engine@https://registry.npmjs.org/@mui/styled-engine/-/styled-engine-5.18.0.tgz. Extracting by manifest.
2014 silly tarball no local data for @babel/plugin-transform-react-jsx-source@https://registry.npmjs.org/@babel/plugin-transform-react-jsx-source/-/plugin-transform-react-jsx-source-7.29.7.tgz. Extracting by manifest.
2015 silly tarball no local data for react-is@https://registry.npmjs.org/react-is/-/react-is-19.2.7.tgz. Extracting by manifest.
2016 silly tarball no local data for @babel/plugin-transform-react-jsx-self@https://registry.npmjs.org/@babel/plugin-transform-react-jsx-self/-/plugin-transform-react-jsx-self-7.29.7.tgz. Extracting by manifest.
2017 silly tarball no local data for @types/react@https://registry.npmjs.org/@types/react/-/react-19.2.17.tgz. Extracting by manifest.
2018 silly tarball no local data for @mui/private-theming@https://registry.npmjs.org/@mui/private-theming/-/private-theming-5.17.1.tgz. Extracting by manifest.
2019 silly tarball no local data for clsx@https://registry.npmjs.org/clsx/-/clsx-2.1.1.tgz. Extracting by manifest.
2020 silly tarball no local data for react-transition-group@https://registry.npmjs.org/react-transition-group/-/react-transition-group-4.4.5.tgz. Extracting by manifest.
2021 silly tarball no local data for @types/react-transition-group@https://registry.npmjs.org/@types/react-transition-group/-/react-transition-group-4.4.12.tgz. Extracting by manifest.
2022 silly tarball no local data for @babel/core@https://registry.npmjs.org/@babel/core/-/core-7.29.7.tgz. Extracting by manifest.
2023 silly tarball no local data for @jridgewell/resolve-uri@https://registry.npmjs.org/@jridgewell/resolve-uri/-/resolve-uri-3.1.2.tgz. Extracting by manifest.
2024 silly tarball no local data for prop-types@https://registry.npmjs.org/prop-types/-/prop-types-15.8.1.tgz. Extracting by manifest.
2025 silly tarball no local data for @popperjs/core@https://registry.npmjs.org/@popperjs/core/-/core-2.11.8.tgz. Extracting by manifest.
2026 silly tarball no local data for @mui/types@https://registry.npmjs.org/@mui/types/-/types-7.2.24.tgz. Extracting by manifest.
2027 silly tarball no local data for @mui/system@https://registry.npmjs.org/@mui/system/-/system-5.18.0.tgz. Extracting by manifest.
2028 silly tarball no local data for @jridgewell/sourcemap-codec@https://registry.npmjs.org/@jridgewell/sourcemap-codec/-/sourcemap-codec-1.5.5.tgz. Extracting by manifest.
2029 silly tarball no local data for @emotion/is-prop-valid@https://registry.npmjs.org/@emotion/is-prop-valid/-/is-prop-valid-1.4.0.tgz. Extracting by manifest.
2030 silly tarball no local data for @mui/core-downloads-tracker@https://registry.npmjs.org/@mui/core-downloads-tracker/-/core-downloads-tracker-5.18.0.tgz. Extracting by manifest.
2031 silly tarball no local data for csstype@https://registry.npmjs.org/csstype/-/csstype-3.2.3.tgz. Extracting by manifest.
2032 silly tarball no local data for jsesc@https://registry.npmjs.org/jsesc/-/jsesc-3.1.0.tgz. Extracting by manifest.
2033 silly tarball no local data for @emotion/unitless@https://registry.npmjs.org/@emotion/unitless/-/unitless-0.10.0.tgz. Extracting by manifest.
2034 silly tarball no local data for @emotion/sheet@https://registry.npmjs.org/@emotion/sheet/-/sheet-1.4.0.tgz. Extracting by manifest.
2035 silly tarball no local data for @babel/helper-string-parser@https://registry.npmjs.org/@babel/helper-string-parser/-/helper-string-parser-7.29.7.tgz. Extracting by manifest.
2036 silly tarball no local data for @jridgewell/gen-mapping@https://registry.npmjs.org/@jridgewell/gen-mapping/-/gen-mapping-0.3.13.tgz. Extracting by manifest.
2037 silly tarball no local data for @babel/helper-validator-identifier@https://registry.npmjs.org/@babel/helper-validator-identifier/-/helper-validator-identifier-7.29.7.tgz. Extracting by manifest.
2038 silly tarball no local data for @babel/parser@https://registry.npmjs.org/@babel/parser/-/parser-7.29.7.tgz. Extracting by manifest.
2039 silly tarball no local data for @jridgewell/trace-mapping@https://registry.npmjs.org/@jridgewell/trace-mapping/-/trace-mapping-0.3.31.tgz. Extracting by manifest.
2040 silly tarball no local data for js-tokens@https://registry.npmjs.org/js-tokens/-/js-tokens-4.0.0.tgz. Extracting by manifest.
2041 silly tarball no local data for debug@https://registry.npmjs.org/debug/-/debug-4.4.3.tgz. Extracting by manifest.
2042 silly tarball no local data for picocolors@https://registry.npmjs.org/picocolors/-/picocolors-1.1.1.tgz. Extracting by manifest.
2043 silly tarball no local data for @babel/template@https://registry.npmjs.org/@babel/template/-/template-7.29.7.tgz. Extracting by manifest.
2044 silly tarball no local data for @babel/helper-globals@https://registry.npmjs.org/@babel/helper-globals/-/helper-globals-7.29.7.tgz. Extracting by manifest.
2045 silly tarball no local data for @babel/code-frame@https://registry.npmjs.org/@babel/code-frame/-/code-frame-7.29.7.tgz. Extracting by manifest.
2046 silly tarball no local data for @babel/types@https://registry.npmjs.org/@babel/types/-/types-7.29.7.tgz. Extracting by manifest.
2047 silly tarball no local data for @babel/generator@https://registry.npmjs.org/@babel/generator/-/generator-7.29.7.tgz. Extracting by manifest.
2048 silly tarball no local data for source-map@https://registry.npmjs.org/source-map/-/source-map-0.5.7.tgz. Extracting by manifest.
2049 silly tarball no local data for stylis@https://registry.npmjs.org/stylis/-/stylis-4.2.0.tgz. Extracting by manifest.
2050 silly tarball no local data for escape-string-regexp@https://registry.npmjs.org/escape-string-regexp/-/escape-string-regexp-4.0.0.tgz. Extracting by manifest.
2051 silly tarball no local data for @babel/traverse@https://registry.npmjs.org/@babel/traverse/-/traverse-7.29.7.tgz. Extracting by manifest.
2052 silly tarball no local data for @emotion/memoize@https://registry.npmjs.org/@emotion/memoize/-/memoize-0.9.0.tgz. Extracting by manifest.
2053 silly tarball no local data for convert-source-map@https://registry.npmjs.org/convert-source-map/-/convert-source-map-1.9.0.tgz. Extracting by manifest.
2054 silly tarball no local data for find-root@https://registry.npmjs.org/find-root/-/find-root-1.1.0.tgz. Extracting by manifest.
2055 silly tarball no local data for @emotion/hash@https://registry.npmjs.org/@emotion/hash/-/hash-0.9.2.tgz. Extracting by manifest.
2056 silly tarball no local data for babel-plugin-macros@https://registry.npmjs.org/babel-plugin-macros/-/babel-plugin-macros-3.1.0.tgz. Extracting by manifest.
2057 silly tarball no local data for @mui/utils@https://registry.npmjs.org/@mui/utils/-/utils-5.17.1.tgz. Extracting by manifest.
2058 silly tarball no local data for @babel/helper-module-imports@https://registry.npmjs.org/@babel/helper-module-imports/-/helper-module-imports-7.29.7.tgz. Extracting by manifest.
2059 silly tarball no local data for @emotion/use-insertion-effect-with-fallbacks@https://registry.npmjs.org/@emotion/use-insertion-effect-with-fallbacks/-/use-insertion-effect-with-fallbacks-1.2.0.tgz. Extracting by manifest.
2060 silly tarball no local data for @emotion/utils@https://registry.npmjs.org/@emotion/utils/-/utils-1.4.2.tgz. Extracting by manifest.
2061 silly tarball no local data for @emotion/serialize@https://registry.npmjs.org/@emotion/serialize/-/serialize-1.3.3.tgz. Extracting by manifest.
2062 silly tarball no local data for @emotion/weak-memoize@https://registry.npmjs.org/@emotion/weak-memoize/-/weak-memoize-0.4.0.tgz. Extracting by manifest.
2063 silly tarball no local data for @emotion/cache@https://registry.npmjs.org/@emotion/cache/-/cache-11.14.0.tgz. Extracting by manifest.
2064 silly tarball no local data for hoist-non-react-statics@https://registry.npmjs.org/hoist-non-react-statics/-/hoist-non-react-statics-3.3.2.tgz. Extracting by manifest.
2065 silly tarball no local data for eslint-plugin-react-hooks@https://registry.npmjs.org/eslint-plugin-react-hooks/-/eslint-plugin-react-hooks-4.6.2.tgz. Extracting by manifest.
2066 silly tarball no local data for eslint-plugin-react@https://registry.npmjs.org/eslint-plugin-react/-/eslint-plugin-react-7.37.5.tgz. Extracting by manifest.
2067 silly tarball no local data for @emotion/babel-plugin@https://registry.npmjs.org/@emotion/babel-plugin/-/babel-plugin-11.13.5.tgz. Extracting by manifest.
2068 silly tarball no local data for @babel/runtime@https://registry.npmjs.org/@babel/runtime/-/runtime-7.29.7.tgz. Extracting by manifest.
2069 silly tarball no local data for eslint-plugin-react-refresh@https://registry.npmjs.org/eslint-plugin-react-refresh/-/eslint-plugin-react-refresh-0.4.26.tgz. Extracting by manifest.
2070 silly tarball no local data for eslint@https://registry.npmjs.org/eslint/-/eslint-8.57.1.tgz. Extracting by manifest.
2071 silly tarball no local data for @mui/material@https://registry.npmjs.org/@mui/material/-/material-5.18.0.tgz. Extracting by manifest.
2072 silly tarball no local data for react-dom@https://registry.npmjs.org/react-dom/-/react-dom-18.3.1.tgz. Extracting by manifest.
2073 silly tarball no local data for @fontsource/inter@https://registry.npmjs.org/@fontsource/inter/-/inter-5.2.8.tgz. Extracting by manifest.
2074 silly tarball no local data for @vitejs/plugin-react@https://registry.npmjs.org/@vitejs/plugin-react/-/plugin-react-4.7.0.tgz. Extracting by manifest.
2075 silly tarball no local data for @mui/icons-material@https://registry.npmjs.org/@mui/icons-material/-/icons-material-5.18.0.tgz. Extracting by manifest.
2076 silly tarball no local data for react@https://registry.npmjs.org/react/-/react-18.3.1.tgz. Extracting by manifest.
2077 silly tarball no local data for @emotion/styled@https://registry.npmjs.org/@emotion/styled/-/styled-11.14.1.tgz. Extracting by manifest.
2078 silly tarball no local data for @emotion/react@https://registry.npmjs.org/@emotion/react/-/react-11.14.0.tgz. Extracting by manifest.
2079 silly tarball no local data for react-is@https://registry.npmjs.org/react-is/-/react-is-16.13.1.tgz. Extracting by manifest.
2080 silly tarball no local data for convert-source-map@https://registry.npmjs.org/convert-source-map/-/convert-source-map-2.0.0.tgz. Extracting by manifest.
2081 silly tarball no local data for react-is@https://registry.npmjs.org/react-is/-/react-is-16.13.1.tgz. Extracting by manifest.
2082 silly tarball no local data for resolve@https://registry.npmjs.org/resolve/-/resolve-2.0.0-next.7.tgz. Extracting by manifest.
2083 silly tarball no local data for vite@https://registry.npmjs.org/vite/-/vite-5.4.21.tgz. Extracting by manifest.
2084 silly tarball no local data for doctrine@https://registry.npmjs.org/doctrine/-/doctrine-2.1.0.tgz. Extracting by manifest.
2085 http fetch POST 200 https://registry.npmjs.org/-/npm/v1/security/advisories/bulk 1680ms
2086 timing auditReport:getReport Completed in 1932ms
2087 silly audit report {
2087 silly audit report   vite: [
2087 silly audit report     {
2087 silly audit report       id: 1120784,
2087 silly audit report       url: 'https://github.com/advisories/GHSA-v6wh-96g9-6wx3',
2087 silly audit report       title: 'launch-editor: NTLMv2 hash disclosure via UNC path handling on Windows',
2087 silly audit report       severity: 'moderate',
2087 silly audit report       vulnerable_versions: '<=6.4.2',
2087 silly audit report       cwe: [Array],
2087 silly audit report       cvss: [Object]
2087 silly audit report     },
2087 silly audit report     {
2087 silly audit report       id: 1120789,
2087 silly audit report       url: 'https://github.com/advisories/GHSA-fx2h-pf6j-xcff',
2087 silly audit report       title: 'vite: `server.fs.deny` bypass on Windows alternate paths',
2087 silly audit report       severity: 'high',
2087 silly audit report       vulnerable_versions: '<=6.4.2',
2087 silly audit report       cwe: [Array],
2087 silly audit report       cvss: [Object]
2087 silly audit report     },
2087 silly audit report     {
2087 silly audit report       id: 1116229,
2087 silly audit report       url: 'https://github.com/advisories/GHSA-4w7w-66w2-5vf9',
2087 silly audit report       title: 'Vite Vulnerable to Path Traversal in Optimized Deps `.map` Handling',
2087 silly audit report       severity: 'moderate',
2087 silly audit report       vulnerable_versions: '<=6.4.1',
2087 silly audit report       cwe: [Array],
2087 silly audit report       cvss: [Object]
2087 silly audit report     }
2087 silly audit report   ],
2087 silly audit report   esbuild: [
2087 silly audit report     {
2087 silly audit report       id: 1102341,
2087 silly audit report       url: 'https://github.com/advisories/GHSA-67mh-4wv8-2f99',
2087 silly audit report       title: 'esbuild enables any website to send any requests to the development server and read the response',
2087 silly audit report       severity: 'moderate',
2087 silly audit report       vulnerable_versions: '<=0.24.2',
2087 silly audit report       cwe: [Array],
2087 silly audit report       cvss: [Object]
2087 silly audit report     }
2087 silly audit report   ]
2087 silly audit report }
2088 timing metavuln:packument:vite Completed in 2ms
2089 timing metavuln:packument:esbuild Completed in 1ms
2090 timing metavuln:cache:get:security-advisory:vite:CReXW7o3cJZ0aN4nhg/gRV1E8OPJ2SoGmmUw6lY2bLjCfF70z3PbDKbutfCbWYbBHkeQ6W4F2IxffSmtDjtaNw== Completed in 65ms
2091 timing metavuln:load:security-advisory:vite:1120784 Completed in 45ms
2092 timing metavuln:cache:get:security-advisory:vite:rfJCJIEvcv5f5yDq7HLcRBJmzTJ3qG7HiqGGE2HGmflNE9+dfcWbPBKVjy9e92Z2cEm1UUr/9/cniCzumr5N1A== Completed in 111ms
2093 timing metavuln:load:security-advisory:vite:1120789 Completed in 41ms
2094 timing metavuln:cache:get:security-advisory:vite:I1BdsVrQ8+F0Nz5pjiEY7gYSFBzvKNwOR8nQyg9euOprN34SC4VipJH1GMc8WCRl+e0xZWGr2QiYwiNwqO4gag== Completed in 157ms
2095 timing metavuln:load:security-advisory:vite:1116229 Completed in 39ms
2096 timing metavuln:cache:get:security-advisory:esbuild:jKdCIzePj7J1488qgRXvF8Srh9wutSuR1exB8YooNX62hT+qhtrUXYbArLNoIhgwbaCqKpmduh18syZU7BR9SA== Completed in 198ms
2097 timing metavuln:load:security-advisory:esbuild:1102341 Completed in 13ms
2098 http fetch GET 200 https://registry.npmjs.org/which-collection/-/which-collection-1.0.2.tgz 2188ms (cache miss)
2099 http fetch GET 200 https://registry.npmjs.org/is-weakset/-/is-weakset-2.0.4.tgz 2192ms (cache miss)
2100 http fetch GET 200 https://registry.npmjs.org/is-finalizationregistry/-/is-finalizationregistry-1.1.1.tgz 2175ms (cache miss)
2101 http fetch GET 200 https://registry.npmjs.org/is-generator-function/-/is-generator-function-1.1.2.tgz 2188ms (cache miss)
2102 http fetch GET 200 https://registry.npmjs.org/async-function/-/async-function-1.0.0.tgz 2178ms (cache miss)
2103 http fetch GET 200 https://registry.npmjs.org/is-bigint/-/is-bigint-1.1.0.tgz 2267ms (cache miss)
2104 http fetch GET 200 https://registry.npmjs.org/isexe/-/isexe-2.0.0.tgz 2267ms (cache miss)
2105 http fetch GET 200 https://registry.npmjs.org/is-async-function/-/is-async-function-2.1.1.tgz 2272ms (cache miss)
2106 http fetch GET 200 https://registry.npmjs.org/is-number-object/-/is-number-object-1.1.1.tgz 2272ms (cache miss)
2107 http fetch GET 200 https://registry.npmjs.org/escalade/-/escalade-3.2.0.tgz 2363ms (cache miss)
2108 http fetch GET 200 https://registry.npmjs.org/generator-function/-/generator-function-2.0.1.tgz 2412ms (cache miss)
2109 http fetch GET 200 https://registry.npmjs.org/punycode/-/punycode-2.3.1.tgz 2477ms (cache miss)
2110 http fetch GET 200 https://registry.npmjs.org/has-bigints/-/has-bigints-1.1.0.tgz 2478ms (cache miss)
2111 http fetch GET 200 https://registry.npmjs.org/reflect.getprototypeof/-/reflect.getprototypeof-1.0.10.tgz 2478ms (cache miss)
2112 http fetch GET 200 https://registry.npmjs.org/side-channel-weakmap/-/side-channel-weakmap-1.0.2.tgz 2477ms (cache miss)
2113 http fetch GET 200 https://registry.npmjs.org/for-each/-/for-each-0.3.5.tgz 2482ms (cache miss)
2114 http fetch GET 200 https://registry.npmjs.org/ansi-regex/-/ansi-regex-5.0.1.tgz 2484ms (cache miss)
2115 http fetch GET 200 https://registry.npmjs.org/which-boxed-primitive/-/which-boxed-primitive-1.1.1.tgz 2589ms (cache miss)
2116 http fetch GET 200 https://registry.npmjs.org/@types/estree/-/estree-1.0.9.tgz 2598ms (cache miss)
2117 http fetch GET 200 https://registry.npmjs.org/nanoid/-/nanoid-3.3.15.tgz 2597ms (cache miss)
2118 http fetch GET 200 https://registry.npmjs.org/isarray/-/isarray-2.0.5.tgz 2582ms (cache miss)
2119 http fetch GET 200 https://registry.npmjs.org/wrappy/-/wrappy-1.0.2.tgz 2587ms (cache miss)
2120 http fetch GET 200 https://registry.npmjs.org/side-channel-list/-/side-channel-list-1.0.1.tgz 2586ms (cache miss)
2121 http fetch GET 200 https://registry.npmjs.org/path-is-absolute/-/path-is-absolute-1.0.1.tgz 2588ms (cache miss)
2122 http fetch GET 200 https://registry.npmjs.org/once/-/once-1.4.0.tgz 2589ms (cache miss)
2123 timing metavuln:cache:put:security-advisory:esbuild:jKdCIzePj7J1488qgRXvF8Srh9wutSuR1exB8YooNX62hT+qhtrUXYbArLNoIhgwbaCqKpmduh18syZU7BR9SA== Completed in 1374ms
2124 timing metavuln:calculate:security-advisory:esbuild:1102341 Completed in 1586ms
2125 timing metavuln:cache:put:security-advisory:vite:CReXW7o3cJZ0aN4nhg/gRV1E8OPJ2SoGmmUw6lY2bLjCfF70z3PbDKbutfCbWYbBHkeQ6W4F2IxffSmtDjtaNw== Completed in 1477ms
2126 timing metavuln:calculate:security-advisory:vite:1120784 Completed in 1588ms
2127 timing metavuln:cache:put:security-advisory:vite:I1BdsVrQ8+F0Nz5pjiEY7gYSFBzvKNwOR8nQyg9euOprN34SC4VipJH1GMc8WCRl+e0xZWGr2QiYwiNwqO4gag== Completed in 1390ms
2128 timing metavuln:calculate:security-advisory:vite:1116229 Completed in 1587ms
2129 timing metavuln:cache:put:security-advisory:vite:rfJCJIEvcv5f5yDq7HLcRBJmzTJ3qG7HiqGGE2HGmflNE9+dfcWbPBKVjy9e92Z2cEm1UUr/9/cniCzumr5N1A== Completed in 1436ms
2130 timing metavuln:calculate:security-advisory:vite:1120789 Completed in 1591ms
2131 timing metavuln:packument:@vitejs/plugin-react Completed in 1ms
2132 http fetch GET 200 https://registry.npmjs.org/has-flag/-/has-flag-4.0.0.tgz 2746ms (cache miss)
2133 http fetch GET 200 https://registry.npmjs.org/side-channel-map/-/side-channel-map-1.0.1.tgz 2744ms (cache miss)
2134 http fetch GET 200 https://registry.npmjs.org/loose-envify/-/loose-envify-1.4.0.tgz 2723ms (cache miss)
2135 http fetch GET 200 https://registry.npmjs.org/lines-and-columns/-/lines-and-columns-1.2.4.tgz 2720ms (cache miss)
2136 http fetch GET 200 https://registry.npmjs.org/object-assign/-/object-assign-4.1.1.tgz 2724ms (cache miss)
2137 timing metavuln:cache:get:security-advisory:@vitejs/plugin-react:0wQCaOjcD8j0E7CMKhLqaS736eOSJ1bx2S6fgASRE/T1guYEGWsGCQ7ThaaT9lDO/+W4PkJcRr36iPsISMLuLg== Completed in 85ms
2138 timing metavuln:load:security-advisory:@vitejs/plugin-react:CReXW7o3cJZ0aN4nhg/gRV1E8OPJ2SoGmmUw6lY2bLjCfF70z3PbDKbutfCbWYbBHkeQ6W4F2IxffSmtDjtaNw== Completed in 99ms
2139 timing reifyNode:node_modules/wrappy Completed in 3448ms
2140 timing reifyNode:node_modules/path-is-absolute Completed in 3451ms
2141 timing reifyNode:node_modules/isarray Completed in 3451ms
2142 http fetch GET 200 https://registry.npmjs.org/shebang-regex/-/shebang-regex-3.0.0.tgz 2961ms (cache miss)
2143 http fetch GET 200 https://registry.npmjs.org/queue-microtask/-/queue-microtask-1.2.3.tgz 2961ms (cache miss)
2144 timing reifyNode:node_modules/once Completed in 3454ms
2145 http fetch GET 200 https://registry.npmjs.org/inherits/-/inherits-2.0.4.tgz 2956ms (cache miss)
2146 http fetch GET 200 https://registry.npmjs.org/path-parse/-/path-parse-1.0.7.tgz 2949ms (cache miss)
2147 timing reifyNode:node_modules/path-parse Completed in 3455ms
2148 http fetch GET 200 https://registry.npmjs.org/deep-is/-/deep-is-0.1.4.tgz 2939ms (cache miss)
2149 http fetch GET 200 https://registry.npmjs.org/balanced-match/-/balanced-match-1.0.2.tgz 2937ms (cache miss)
2150 http fetch GET 200 https://registry.npmjs.org/yocto-queue/-/yocto-queue-0.1.0.tgz 2941ms (cache miss)
2151 http fetch GET 200 https://registry.npmjs.org/callsites/-/callsites-3.1.0.tgz 2940ms (cache miss)
2152 http fetch GET 200 https://registry.npmjs.org/is-arrayish/-/is-arrayish-0.2.1.tgz 2945ms (cache miss)
2153 http fetch GET 200 https://registry.npmjs.org/p-limit/-/p-limit-3.1.0.tgz 2943ms (cache miss)
2154 timing reifyNode:node_modules/object-assign Completed in 3607ms
2155 http fetch GET 200 https://registry.npmjs.org/inflight/-/inflight-1.0.6.tgz 3103ms (cache miss)
2156 warn deprecated inflight@1.0.6: This module is not supported, and leaks memory. Do not use it. Check out lru-cache if you want a good and tested way to coalesce async requests by a key value, which is much more comprehensive and powerful.
2157 timing reifyNode:node_modules/inflight Completed in 3611ms
2158 http fetch GET 200 https://registry.npmjs.org/error-ex/-/error-ex-1.3.4.tgz 3101ms (cache miss)
2159 timing reifyNode:node_modules/error-ex Completed in 3614ms
2160 http fetch GET 200 https://registry.npmjs.org/yallist/-/yallist-3.1.1.tgz 3096ms (cache miss)
2161 http fetch GET 200 https://registry.npmjs.org/type-check/-/type-check-0.4.0.tgz 3094ms (cache miss)
2162 http fetch GET 200 https://registry.npmjs.org/concat-map/-/concat-map-0.0.1.tgz 3098ms (cache miss)
2163 http fetch GET 200 https://registry.npmjs.org/json-buffer/-/json-buffer-3.0.1.tgz 3094ms (cache miss)
2164 http fetch GET 200 https://registry.npmjs.org/set-function-name/-/set-function-name-2.0.2.tgz 3088ms (cache miss)
2165 http fetch GET 200 https://registry.npmjs.org/prelude-ls/-/prelude-ls-1.2.1.tgz 3089ms (cache miss)
2166 http fetch GET 200 https://registry.npmjs.org/fs.realpath/-/fs.realpath-1.0.0.tgz 3225ms (cache miss)
2167 http fetch GET 200 https://registry.npmjs.org/supports-preserve-symlinks-flag/-/supports-preserve-symlinks-flag-1.0.0.tgz 3218ms (cache miss)
2168 http fetch GET 200 https://registry.npmjs.org/fast-levenshtein/-/fast-levenshtein-2.0.6.tgz 3208ms (cache miss)
2169 http fetch GET 200 https://registry.npmjs.org/word-wrap/-/word-wrap-1.2.5.tgz 3208ms (cache miss)
2170 timing reifyNode:node_modules/fast-levenshtein Completed in 3727ms
2171 http fetch GET 200 https://registry.npmjs.org/is-extglob/-/is-extglob-2.1.1.tgz 3192ms (cache miss)
2172 http fetch GET 200 https://registry.npmjs.org/side-channel/-/side-channel-1.1.1.tgz 3192ms (cache miss)
2173 http fetch GET 200 https://registry.npmjs.org/is-document.all/-/is-document.all-1.0.0.tgz 3188ms (cache miss)
2174 http fetch GET 200 https://registry.npmjs.org/parent-module/-/parent-module-1.0.1.tgz 3193ms (cache miss)
2175 http fetch GET 200 https://registry.npmjs.org/keyv/-/keyv-4.5.4.tgz 3192ms (cache miss)
2176 timing reifyNode:node_modules/has-flag Completed in 3828ms
2177 timing reifyNode:node_modules/@types/estree Completed in 3831ms
2178 timing reifyNode:node_modules/ansi-regex Completed in 3831ms
2179 http fetch GET 200 https://registry.npmjs.org/json-parse-even-better-errors/-/json-parse-even-better-errors-2.3.1.tgz 3322ms (cache miss)
2180 http fetch GET 200 https://registry.npmjs.org/is-core-module/-/is-core-module-2.16.2.tgz 3329ms (cache miss)
2181 http fetch GET 200 https://registry.npmjs.org/brace-expansion/-/brace-expansion-1.1.15.tgz 3318ms (cache miss)
2182 timing reifyNode:node_modules/brace-expansion Completed in 3839ms
2183 http fetch GET 200 https://registry.npmjs.org/dunder-proto/-/dunder-proto-1.0.1.tgz 3303ms (cache miss)
2184 http fetch GET 200 https://registry.npmjs.org/reusify/-/reusify-1.1.0.tgz 3299ms (cache miss)
2185 http fetch GET 200 https://registry.npmjs.org/rimraf/-/rimraf-3.0.2.tgz 3303ms (cache miss)
2186 http fetch GET 200 https://registry.npmjs.org/functions-have-names/-/functions-have-names-1.2.3.tgz 3300ms (cache miss)
2187 http fetch GET 200 https://registry.npmjs.org/path-exists/-/path-exists-4.0.0.tgz 3305ms (cache miss)
2188 timing reifyNode:node_modules/queue-microtask Completed in 3951ms
2189 timing reifyNode:node_modules/shebang-regex Completed in 3952ms
2190 timing reifyNode:node_modules/inherits Completed in 3952ms
2191 timing reifyNode:node_modules/is-extglob Completed in 3952ms
2192 timing reifyNode:node_modules/parent-module Completed in 3952ms
2193 http fetch GET 200 https://registry.npmjs.org/resolve-from/-/resolve-from-4.0.0.tgz 3420ms (cache miss)
2194 timing reifyNode:node_modules/resolve-from Completed in 3954ms
2195 http fetch GET 200 https://registry.npmjs.org/is-date-object/-/is-date-object-1.1.0.tgz 3405ms (cache miss)
2196 http fetch GET 200 https://registry.npmjs.org/iterator.prototype/-/iterator.prototype-1.1.5.tgz 3409ms (cache miss)
2197 http fetch GET 200 https://registry.npmjs.org/es-abstract-get/-/es-abstract-get-1.0.0.tgz 3409ms (cache miss)
2198 http fetch GET 200 https://registry.npmjs.org/has-tostringtag/-/has-tostringtag-1.0.2.tgz 3414ms (cache miss)
2199 timing reifyNode:node_modules/fs.realpath Completed in 4067ms
2200 timing reifyNode:node_modules/punycode Completed in 4068ms
2201 timing reifyNode:node_modules/json-parse-even-better-errors Completed in 4073ms
2202 http fetch GET 200 https://registry.npmjs.org/p-locate/-/p-locate-5.0.0.tgz 3553ms (cache miss)
2203 http fetch GET 200 https://registry.npmjs.org/acorn-jsx/-/acorn-jsx-5.3.2.tgz 3534ms (cache miss)
2204 http fetch GET 200 https://registry.npmjs.org/safe-array-concat/-/safe-array-concat-1.1.4.tgz 3510ms (cache miss)
2205 http fetch GET 200 https://registry.npmjs.org/stop-iteration-iterator/-/stop-iteration-iterator-1.1.0.tgz 3515ms (cache miss)
2206 http fetch GET 200 https://registry.npmjs.org/set-proto/-/set-proto-1.0.0.tgz 3517ms (cache miss)
2207 timing reifyNode:node_modules/p-limit Completed in 4133ms
2208 timing reifyNode:node_modules/yocto-queue Completed in 4134ms
2209 timing reifyNode:node_modules/word-wrap Completed in 4134ms
2210 timing reifyNode:node_modules/callsites Completed in 4134ms
2211 timing reifyNode:node_modules/lines-and-columns Completed in 4135ms
2212 timing reifyNode:node_modules/keyv Completed in 4135ms
2213 http fetch GET 200 https://registry.npmjs.org/argparse/-/argparse-2.0.1.tgz 3603ms (cache miss)
2214 http fetch GET 200 https://registry.npmjs.org/esrecurse/-/esrecurse-4.3.0.tgz 3588ms (cache miss)
2215 http fetch GET 200 https://registry.npmjs.org/unbox-primitive/-/unbox-primitive-1.1.0.tgz 3584ms (cache miss)
2216 http fetch GET 200 https://registry.npmjs.org/safe-regex-test/-/safe-regex-test-1.1.0.tgz 3569ms (cache miss)
2217 http fetch GET 200 https://registry.npmjs.org/regexp.prototype.flags/-/regexp.prototype.flags-1.5.4.tgz 3567ms (cache miss)
2218 http fetch GET 200 https://registry.npmjs.org/possible-typed-array-names/-/possible-typed-array-names-1.1.0.tgz 3585ms (cache miss)
2219 http fetch GET 200 https://registry.npmjs.org/is-weakref/-/is-weakref-1.1.1.tgz 3567ms (cache miss)
2220 http fetch GET 200 https://registry.npmjs.org/own-keys/-/own-keys-1.0.1.tgz 3569ms (cache miss)
2221 timing reifyNode:node_modules/p-locate Completed in 4263ms
2222 timing reifyNode:node_modules/balanced-match Completed in 4265ms
2223 http fetch GET 200 https://registry.npmjs.org/locate-path/-/locate-path-6.0.0.tgz 3724ms (cache miss)
2224 http fetch GET 200 https://registry.npmjs.org/string.prototype.trimstart/-/string.prototype.trimstart-1.0.8.tgz 3704ms (cache miss)
2225 http fetch GET 200 https://registry.npmjs.org/typed-array-length/-/typed-array-length-1.0.8.tgz 3713ms (cache miss)
2226 http fetch GET 200 https://registry.npmjs.org/is-shared-array-buffer/-/is-shared-array-buffer-1.0.4.tgz 3694ms (cache miss)
2227 http fetch GET 200 https://registry.npmjs.org/is-array-buffer/-/is-array-buffer-3.0.5.tgz 3693ms (cache miss)
2228 http fetch GET 200 https://registry.npmjs.org/is-negative-zero/-/is-negative-zero-2.0.3.tgz 3695ms (cache miss)
2229 timing reifyNode:node_modules/yallist Completed in 4324ms
2230 http fetch GET 200 https://registry.npmjs.org/safe-push-apply/-/safe-push-apply-1.0.0.tgz 3834ms (cache miss)
2231 http fetch GET 200 https://registry.npmjs.org/internal-slot/-/internal-slot-1.1.0.tgz 3824ms (cache miss)
2232 http fetch GET 200 https://registry.npmjs.org/globalthis/-/globalthis-1.0.4.tgz 3826ms (cache miss)
2233 http fetch GET 200 https://registry.npmjs.org/typed-array-byte-length/-/typed-array-byte-length-1.0.3.tgz 3851ms (cache miss)
2234 http fetch GET 200 https://registry.npmjs.org/typed-array-byte-offset/-/typed-array-byte-offset-1.0.4.tgz 3864ms (cache miss)
2235 http fetch GET 200 https://registry.npmjs.org/glob/-/glob-7.2.3.tgz 4028ms (cache miss)
2236 timing reifyNode:node_modules/locate-path Completed in 4529ms
2237 timing reifyNode:node_modules/path-exists Completed in 4534ms
2238 http fetch GET 200 https://registry.npmjs.org/is-data-view/-/is-data-view-1.0.2.tgz 3965ms (cache miss)
2239 http fetch GET 200 https://registry.npmjs.org/is-typed-array/-/is-typed-array-1.1.15.tgz 3970ms (cache miss)
2240 http fetch GET 200 https://registry.npmjs.org/has-proto/-/has-proto-1.2.0.tgz 3961ms (cache miss)
2241 http fetch GET 200 https://registry.npmjs.org/get-proto/-/get-proto-1.0.1.tgz 3962ms (cache miss)
2242 http fetch GET 200 https://registry.npmjs.org/get-symbol-description/-/get-symbol-description-1.1.0.tgz 3969ms (cache miss)
2243 http fetch GET 200 https://registry.npmjs.org/es-set-tostringtag/-/es-set-tostringtag-2.1.0.tgz 3964ms (cache miss)
2244 http fetch GET 200 https://registry.npmjs.org/data-view-byte-length/-/data-view-byte-length-1.0.2.tgz 3962ms (cache miss)
2245 http fetch GET 200 https://registry.npmjs.org/function.prototype.name/-/function.prototype.name-1.2.0.tgz 3965ms (cache miss)
2246 http fetch GET 200 https://registry.npmjs.org/data-view-byte-offset/-/data-view-byte-offset-1.0.1.tgz 3963ms (cache miss)
2247 http fetch GET 200 https://registry.npmjs.org/data-view-buffer/-/data-view-buffer-1.0.2.tgz 3964ms (cache miss)
2248 http fetch GET 200 https://registry.npmjs.org/arraybuffer.prototype.slice/-/arraybuffer.prototype.slice-1.0.4.tgz 3963ms (cache miss)
2249 http fetch GET 200 https://registry.npmjs.org/available-typed-arrays/-/available-typed-arrays-1.0.7.tgz 3966ms (cache miss)
2250 http fetch GET 200 https://registry.npmjs.org/array-buffer-byte-length/-/array-buffer-byte-length-1.0.2.tgz 3964ms (cache miss)
2251 http fetch GET 200 https://registry.npmjs.org/function-bind/-/function-bind-1.1.2.tgz 3961ms (cache miss)
2252 http fetch GET 200 https://registry.npmjs.org/gopd/-/gopd-1.2.0.tgz 3965ms (cache miss)
2253 http fetch GET 200 https://registry.npmjs.org/has-property-descriptors/-/has-property-descriptors-1.0.2.tgz 3964ms (cache miss)
2254 http fetch GET 200 https://registry.npmjs.org/call-bind-apply-helpers/-/call-bind-apply-helpers-1.0.2.tgz 3964ms (cache miss)
2255 http fetch GET 200 https://registry.npmjs.org/es-define-property/-/es-define-property-1.0.1.tgz 3964ms (cache miss)
2256 http fetch GET 200 https://registry.npmjs.org/set-function-length/-/set-function-length-1.2.2.tgz 3963ms (cache miss)
2257 http fetch GET 200 https://registry.npmjs.org/es-errors/-/es-errors-1.3.0.tgz 3970ms (cache miss)
2258 http fetch GET 200 https://registry.npmjs.org/is-set/-/is-set-2.0.3.tgz 4133ms (cache miss)
2259 http fetch GET 200 https://registry.npmjs.org/is-callable/-/is-callable-1.2.7.tgz 4135ms (cache miss)
2260 http fetch GET 200 https://registry.npmjs.org/get-intrinsic/-/get-intrinsic-1.3.0.tgz 4124ms (cache miss)
2261 http fetch GET 200 https://registry.npmjs.org/es-object-atoms/-/es-object-atoms-1.1.2.tgz 4122ms (cache miss)
2262 http fetch GET 200 https://registry.npmjs.org/string.prototype.matchall/-/string.prototype.matchall-4.0.12.tgz 4122ms (cache miss)
2263 http fetch GET 200 https://registry.npmjs.org/call-bound/-/call-bound-1.0.4.tgz 4128ms (cache miss)
2264 http fetch GET 200 https://registry.npmjs.org/call-bind/-/call-bind-1.0.9.tgz 4126ms (cache miss)
2265 http fetch GET 200 https://registry.npmjs.org/string.prototype.repeat/-/string.prototype.repeat-1.0.0.tgz 4129ms (cache miss)
2266 http fetch GET 200 https://registry.npmjs.org/object.values/-/object.values-1.2.1.tgz 4131ms (cache miss)
2267 warn deprecated glob@7.2.3: Old versions of glob are not supported, and contain widely publicized security vulnerabilities, which have been fixed in the current version. Please update. Support for old versions may be purchased (at exorbitant rates) by contacting i@izs.me
2268 timing reifyNode:node_modules/glob Completed in 4844ms
2269 timing reifyNode:node_modules/esrecurse Completed in 4844ms
2270 http fetch GET 200 https://registry.npmjs.org/typed-array-buffer/-/typed-array-buffer-1.0.3.tgz 4287ms (cache miss)
2271 http fetch GET 200 https://registry.npmjs.org/es-shim-unscopables/-/es-shim-unscopables-1.1.0.tgz 4243ms (cache miss)
2272 http fetch GET 200 https://registry.npmjs.org/math-intrinsics/-/math-intrinsics-1.1.0.tgz 4243ms (cache miss)
2273 http fetch GET 200 https://registry.npmjs.org/hasown/-/hasown-2.0.4.tgz 4225ms (cache miss)
2274 http fetch GET 200 https://registry.npmjs.org/estraverse/-/estraverse-5.3.0.tgz 4232ms (cache miss)
2275 http fetch GET 200 https://registry.npmjs.org/object.entries/-/object.entries-1.1.9.tgz 4234ms (cache miss)
2276 http fetch GET 200 https://registry.npmjs.org/which/-/which-2.0.2.tgz 4223ms (cache miss)
2277 timing reifyNode:node_modules/json-buffer Completed in 4933ms
2278 http fetch GET 200 https://registry.npmjs.org/is-string/-/is-string-1.1.1.tgz 4377ms (cache miss)
2279 http fetch GET 200 https://registry.npmjs.org/json-schema-traverse/-/json-schema-traverse-0.4.1.tgz 4355ms (cache miss)
2280 http fetch GET 200 https://registry.npmjs.org/path-key/-/path-key-3.1.1.tgz 4355ms (cache miss)
2281 http fetch GET 200 https://registry.npmjs.org/color-name/-/color-name-1.1.4.tgz 4355ms (cache miss)
2282 http fetch GET 200 https://registry.npmjs.org/supports-color/-/supports-color-7.2.0.tgz 4354ms (cache miss)
2283 http fetch GET 200 https://registry.npmjs.org/strip-json-comments/-/strip-json-comments-3.1.1.tgz 4350ms (cache miss)
2284 http fetch GET 200 https://registry.npmjs.org/fast-json-stable-stringify/-/fast-json-stable-stringify-2.1.0.tgz 4352ms (cache miss)
2285 timing reifyNode:node_modules/type-check Completed in 5055ms
2286 http fetch GET 200 https://registry.npmjs.org/array.prototype.tosorted/-/array.prototype.tosorted-1.1.4.tgz 4444ms (cache miss)
2287 http fetch GET 200 https://registry.npmjs.org/shebang-command/-/shebang-command-2.0.0.tgz 4443ms (cache miss)
2288 timing reifyNode:node_modules/shebang-command Completed in 5066ms
2289 http fetch GET 200 https://registry.npmjs.org/array-includes/-/array-includes-3.1.9.tgz 4441ms (cache miss)
2290 http fetch GET 200 https://registry.npmjs.org/strip-ansi/-/strip-ansi-6.0.1.tgz 4428ms (cache miss)
2291 http fetch GET 200 https://registry.npmjs.org/natural-compare/-/natural-compare-1.4.0.tgz 4427ms (cache miss)
2292 timing reifyNode:node_modules/natural-compare Completed in 5068ms
2293 http fetch GET 200 https://registry.npmjs.org/text-table/-/text-table-0.2.0.tgz 4428ms (cache miss)
2294 http fetch GET 200 https://registry.npmjs.org/levn/-/levn-0.4.1.tgz 4424ms (cache miss)
2295 http fetch GET 200 https://registry.npmjs.org/minimatch/-/minimatch-3.1.5.tgz 4426ms (cache miss)
2296 http fetch GET 200 https://registry.npmjs.org/optionator/-/optionator-0.9.4.tgz 4428ms (cache miss)
2297 warn deprecated rimraf@3.0.2: Rimraf versions prior to v4 are no longer supported
2298 timing reifyNode:node_modules/rimraf Completed in 5112ms
2299 timing reifyNode:node_modules/acorn-jsx Completed in 5125ms
2300 timing reifyNode:node_modules/color-name Completed in 5150ms
2301 http fetch GET 200 https://registry.npmjs.org/run-parallel/-/run-parallel-1.2.0.tgz 4519ms (cache miss)
2302 timing reifyNode:node_modules/run-parallel Completed in 5153ms
2303 http fetch GET 200 https://registry.npmjs.org/is-path-inside/-/is-path-inside-3.0.3.tgz 4502ms (cache miss)
2304 http fetch GET 200 https://registry.npmjs.org/json-stable-stringify-without-jsonify/-/json-stable-stringify-without-jsonify-1.0.1.tgz 4504ms (cache miss)
2305 http fetch GET 200 https://registry.npmjs.org/imurmurhash/-/imurmurhash-0.1.4.tgz 4504ms (cache miss)
2306 http fetch GET 200 https://registry.npmjs.org/globals/-/globals-13.24.0.tgz 4503ms (cache miss)
2307 http fetch GET 200 https://registry.npmjs.org/fast-deep-equal/-/fast-deep-equal-3.1.3.tgz 4505ms (cache miss)
2308 http fetch GET 200 https://registry.npmjs.org/find-up/-/find-up-5.0.0.tgz 4507ms (cache miss)
2309 http fetch GET 200 https://registry.npmjs.org/glob-parent/-/glob-parent-6.0.2.tgz 4509ms (cache miss)
2310 timing reifyNode:node_modules/isexe Completed in 5207ms
2311 timing metavuln:cache:put:security-advisory:@vitejs/plugin-react:0wQCaOjcD8j0E7CMKhLqaS736eOSJ1bx2S6fgASRE/T1guYEGWsGCQ7ThaaT9lDO/+W4PkJcRr36iPsISMLuLg== Completed in 1885ms
2312 timing metavuln:calculate:security-advisory:@vitejs/plugin-react:CReXW7o3cJZ0aN4nhg/gRV1E8OPJ2SoGmmUw6lY2bLjCfF70z3PbDKbutfCbWYbBHkeQ6W4F2IxffSmtDjtaNw== Completed in 2070ms
2313 http fetch GET 200 https://registry.npmjs.org/@nodelib/fs.stat/-/fs.stat-2.0.5.tgz 4588ms (cache miss)
2314 http fetch GET 200 https://registry.npmjs.org/esutils/-/esutils-2.0.3.tgz 4573ms (cache miss)
2315 http fetch GET 200 https://registry.npmjs.org/cross-spawn/-/cross-spawn-7.0.6.tgz 4575ms (cache miss)
2316 http fetch GET 200 https://registry.npmjs.org/flat-cache/-/flat-cache-3.2.0.tgz 4728ms (cache miss)
2317 timing metavuln:cache:get:security-advisory:vite:tMBsdAS7JBTyRORp0YaJR984WAAsOxgmReSLBN0Nd41GhzEakjROICqAJ31iOdYG5Ijo/MlJ01p3ig1iN88+Tw== Completed in 75ms
2318 timing metavuln:load:security-advisory:vite:jKdCIzePj7J1488qgRXvF8Srh9wutSuR1exB8YooNX62hT+qhtrUXYbArLNoIhgwbaCqKpmduh18syZU7BR9SA== Completed in 164ms
2319 http fetch GET 200 https://registry.npmjs.org/ansi-styles/-/ansi-styles-4.3.0.tgz 4836ms (cache miss)
2320 timing reifyNode:node_modules/imurmurhash Completed in 5471ms
2321 http fetch GET 200 https://registry.npmjs.org/lodash.merge/-/lodash.merge-4.6.2.tgz 4831ms (cache miss)
2322 http fetch GET 200 https://registry.npmjs.org/is-glob/-/is-glob-4.0.3.tgz 4817ms (cache miss)
2323 timing reifyNode:node_modules/glob-parent Completed in 5473ms
2324 http fetch GET 200 https://registry.npmjs.org/@types/parse-json/-/parse-json-4.0.2.tgz 4687ms (cache miss)
2325 http fetch GET 200 https://registry.npmjs.org/path-type/-/path-type-4.0.0.tgz 4686ms (cache miss)
2326 http fetch GET 200 https://registry.npmjs.org/@eslint/js/-/js-8.57.1.tgz 4808ms (cache miss)
2327 http fetch GET 200 https://registry.npmjs.org/ms/-/ms-2.1.3.tgz 4684ms (cache miss)
2328 http fetch GET 200 https://registry.npmjs.org/parse-json/-/parse-json-5.2.0.tgz 4675ms (cache miss)
2329 http fetch GET 200 https://registry.npmjs.org/@nodelib/fs.walk/-/fs.walk-1.2.8.tgz 4687ms (cache miss)
2330 http fetch GET 200 https://registry.npmjs.org/import-fresh/-/import-fresh-3.3.1.tgz 4684ms (cache miss)
2331 timing reifyNode:node_modules/loose-envify Completed in 5517ms
2332 timing reifyNode:node_modules/concat-map Completed in 5519ms
2333 timing reifyNode:node_modules/minimatch Completed in 5554ms
2334 timing reifyNode:node_modules/is-glob Completed in 5555ms
2335 http fetch GET 200 https://registry.npmjs.org/eslint-visitor-keys/-/eslint-visitor-keys-3.4.3.tgz 4894ms (cache miss)
2336 http fetch GET 200 https://registry.npmjs.org/@humanwhocodes/config-array/-/config-array-0.13.0.tgz 4773ms (cache miss)
2337 timing reifyNode:node_modules/is-arrayish Completed in 5599ms
2338 http fetch GET 200 https://registry.npmjs.org/esbuild/-/esbuild-0.21.5.tgz 5119ms (cache miss)
2339 timing reifyNode:node_modules/supports-color Completed in 5613ms
2340 timing reifyNode:node_modules/strip-json-comments Completed in 5615ms
2341 timing reifyNode:node_modules/path-key Completed in 5617ms
2342 timing reifyNode:node_modules/@types/parse-json Completed in 5627ms
2343 timing reifyNode:node_modules/parse-json Completed in 5631ms
2344 timing reifyNode:node_modules/ms Completed in 5634ms
2345 http fetch GET 200 https://registry.npmjs.org/lru-cache/-/lru-cache-5.1.1.tgz 4825ms (cache miss)
2346 http fetch GET 200 https://registry.npmjs.org/@types/babel__generator/-/babel__generator-7.27.0.tgz 4829ms (cache miss)
2347 http fetch GET 200 https://registry.npmjs.org/@babel/helper-validator-option/-/helper-validator-option-7.29.7.tgz 4830ms (cache miss)
2348 http fetch GET 200 https://registry.npmjs.org/@humanwhocodes/module-importer/-/module-importer-1.0.1.tgz 4836ms (cache miss)
2349 http fetch GET 200 https://registry.npmjs.org/@babel/compat-data/-/compat-data-7.29.7.tgz 4839ms (cache miss)
2350 http fetch GET 200 https://registry.npmjs.org/@types/babel__template/-/babel__template-7.4.4.tgz 4849ms (cache miss)
2351 timing reifyNode:node_modules/flat-cache Completed in 5703ms
2352 timing reifyNode:node_modules/ansi-styles Completed in 5727ms
2353 timing reifyNode:node_modules/strip-ansi Completed in 5730ms
2354 timing reifyNode:node_modules/lodash.merge Completed in 5731ms
2355 http fetch GET 200 https://registry.npmjs.org/node-releases/-/node-releases-2.0.50.tgz 4936ms (cache miss)
2356 http fetch GET 200 https://registry.npmjs.org/@babel/helper-plugin-utils/-/helper-plugin-utils-7.29.7.tgz 4937ms (cache miss)
2357 http fetch GET 200 https://registry.npmjs.org/@types/babel__core/-/babel__core-7.20.5.tgz 4928ms (cache miss)
2358 http fetch GET 200 https://registry.npmjs.org/react-refresh/-/react-refresh-0.17.0.tgz 4927ms (cache miss)
2359 http fetch GET 200 https://registry.npmjs.org/gensync/-/gensync-1.0.0-beta.2.tgz 4929ms (cache miss)
2360 http fetch GET 200 https://registry.npmjs.org/@types/prop-types/-/prop-types-15.7.15.tgz 4933ms (cache miss)
2361 http fetch GET 200 https://registry.npmjs.org/@babel/helper-compilation-targets/-/helper-compilation-targets-7.29.7.tgz 4937ms (cache miss)
2362 timing reifyNode:node_modules/esbuild Completed in 5771ms
2363 timing reifyNode:node_modules/is-path-inside Completed in 5794ms
2364 timing reifyNode:node_modules/find-up Completed in 5795ms
2365 warn deprecated @humanwhocodes/config-array@0.13.0: Use @eslint/config-array instead
2366 timing reifyNode:node_modules/@humanwhocodes/config-array Completed in 5798ms
2367 timing reifyNode:node_modules/@types/babel__generator Completed in 5816ms
2368 timing reifyNode:node_modules/@types/babel__template Completed in 5819ms
2369 http fetch GET 200 https://registry.npmjs.org/react-is/-/react-is-19.2.7.tgz 4988ms (cache miss)
2370 http fetch GET 200 https://registry.npmjs.org/@rolldown/pluginutils/-/pluginutils-1.0.0-beta.27.tgz 4999ms (cache miss)
2371 http fetch GET 200 https://registry.npmjs.org/clsx/-/clsx-2.1.1.tgz 4985ms (cache miss)
2372 http fetch GET 200 https://registry.npmjs.org/@babel/plugin-transform-react-jsx-self/-/plugin-transform-react-jsx-self-7.29.7.tgz 4993ms (cache miss)
2373 http fetch GET 200 https://registry.npmjs.org/@types/react-transition-group/-/react-transition-group-4.4.12.tgz 5005ms (cache miss)
2374 http fetch GET 200 https://registry.npmjs.org/@jridgewell/resolve-uri/-/resolve-uri-3.1.2.tgz 5005ms (cache miss)
2375 http fetch GET 200 https://registry.npmjs.org/file-entry-cache/-/file-entry-cache-6.0.1.tgz 5202ms (cache miss)
2376 timing reifyNode:node_modules/lru-cache Completed in 5873ms
2377 timing reifyNode:node_modules/@types/prop-types Completed in 5887ms
2378 http fetch GET 200 https://registry.npmjs.org/@mui/core-downloads-tracker/-/core-downloads-tracker-5.18.0.tgz 5065ms (cache miss)
2379 timing reifyNode:node_modules/@mui/core-downloads-tracker Completed in 5916ms
2380 timing reifyNode:node_modules/which Completed in 5926ms
2381 timing reifyNode:node_modules/import-fresh Completed in 5932ms
2382 timing reifyNode:node_modules/path-type Completed in 5933ms
2383 http fetch GET 200 https://registry.npmjs.org/@babel/plugin-transform-react-jsx-source/-/plugin-transform-react-jsx-source-7.29.7.tgz 5099ms (cache miss)
2384 http fetch GET 200 https://registry.npmjs.org/which-builtin-type/-/which-builtin-type-1.2.1.tgz 5459ms (cache miss)
2385 http fetch GET 200 https://registry.npmjs.org/@emotion/unitless/-/unitless-0.10.0.tgz 5091ms (cache miss)
2386 http fetch GET 200 https://registry.npmjs.org/@emotion/sheet/-/sheet-1.4.0.tgz 5091ms (cache miss)
2387 http fetch GET 200 https://registry.npmjs.org/js-tokens/-/js-tokens-4.0.0.tgz 5085ms (cache miss)
2388 http fetch GET 200 https://registry.npmjs.org/picocolors/-/picocolors-1.1.1.tgz 5083ms (cache miss)
2389 http fetch GET 200 https://registry.npmjs.org/@mui/types/-/types-7.2.24.tgz 5103ms (cache miss)
2390 timing reifyNode:node_modules/estraverse Completed in 5958ms
2391 timing reifyNode:node_modules/file-entry-cache Completed in 5959ms
2392 http fetch GET 200 https://registry.npmjs.org/@babel/helper-globals/-/helper-globals-7.29.7.tgz 5092ms (cache miss)
2393 http fetch GET 200 https://registry.npmjs.org/convert-source-map/-/convert-source-map-1.9.0.tgz 5078ms (cache miss)
2394 http fetch GET 200 https://registry.npmjs.org/find-root/-/find-root-1.1.0.tgz 5078ms (cache miss)
2395 http fetch GET 200 https://registry.npmjs.org/escape-string-regexp/-/escape-string-regexp-4.0.0.tgz 5082ms (cache miss)
2396 http fetch GET 200 https://registry.npmjs.org/@babel/code-frame/-/code-frame-7.29.7.tgz 5088ms (cache miss)
2397 timing reifyNode:node_modules/@types/babel__core Completed in 5979ms
2398 timing reifyNode:node_modules/deep-is Completed in 5986ms
2399 timing reifyNode:node_modules/is-core-module Completed in 5987ms
2400 http fetch GET 200 https://registry.npmjs.org/jsesc/-/jsesc-3.1.0.tgz 5134ms (cache miss)
2401 http fetch GET 200 https://registry.npmjs.org/ignore/-/ignore-5.3.2.tgz 5337ms (cache miss)
2402 http fetch GET 200 https://registry.npmjs.org/@emotion/memoize/-/memoize-0.9.0.tgz 5113ms (cache miss)
2403 http fetch GET 200 https://registry.npmjs.org/hoist-non-react-statics/-/hoist-non-react-statics-3.3.2.tgz 5102ms (cache miss)
2404 http fetch GET 200 https://registry.npmjs.org/@emotion/utils/-/utils-1.4.2.tgz 5105ms (cache miss)
2405 http fetch GET 200 https://registry.npmjs.org/@emotion/weak-memoize/-/weak-memoize-0.4.0.tgz 5103ms (cache miss)
2406 http fetch GET 200 https://registry.npmjs.org/@emotion/use-insertion-effect-with-fallbacks/-/use-insertion-effect-with-fallbacks-1.2.0.tgz 5108ms (cache miss)
2407 http fetch GET 200 https://registry.npmjs.org/@types/babel__traverse/-/babel__traverse-7.28.0.tgz 5194ms (cache miss)
2408 timing reifyNode:node_modules/set-function-name Completed in 6010ms
2409 timing reifyNode:node_modules/@babel/helper-plugin-utils Completed in 6005ms
2410 timing reifyNode:node_modules/iterator.prototype Completed in 6012ms
2411 http fetch GET 200 https://registry.npmjs.org/@babel/helper-validator-identifier/-/helper-validator-identifier-7.29.7.tgz 5159ms (cache miss)
2412 http fetch GET 200 https://registry.npmjs.org/@babel/helper-string-parser/-/helper-string-parser-7.29.7.tgz 5163ms (cache miss)
2413 http fetch GET 200 https://registry.npmjs.org/color-convert/-/color-convert-2.0.1.tgz 5401ms (cache miss)
2414 timing reifyNode:node_modules/levn Completed in 6029ms
2415 timing reifyNode:node_modules/convert-source-map Completed in 6033ms
2416 timing reifyNode:node_modules/supports-preserve-symlinks-flag Completed in 6063ms
2417 timing reifyNode:node_modules/which-builtin-type Completed in 6066ms
2418 timing reifyNode:node_modules/argparse Completed in 6064ms
2419 timing reifyNode:node_modules/is-async-function Completed in 6086ms
2420 http fetch GET 200 https://registry.npmjs.org/@emotion/hash/-/hash-0.9.2.tgz 5203ms (cache miss)
2421 http fetch GET 200 https://registry.npmjs.org/convert-source-map/-/convert-source-map-2.0.0.tgz 5177ms (cache miss)
2422 http fetch GET 200 https://registry.npmjs.org/react-is/-/react-is-16.13.1.tgz 5179ms (cache miss)
2423 timing reifyNode:node_modules/@types/babel__traverse Completed in 6101ms
2424 timing reifyNode:node_modules/@mui/types Completed in 6112ms
2425 timing reifyNode:node_modules/which-collection Completed in 6129ms
2426 timing reifyNode:node_modules/is-finalizationregistry Completed in 6133ms
2427 timing reifyNode:node_modules/is-bigint Completed in 6134ms
2428 timing reifyNode:node_modules/globals Completed in 6131ms
2429 timing reifyNode:node_modules/ignore Completed in 6150ms
2430 timing reifyNode:node_modules/@babel/plugin-transform-react-jsx-self Completed in 6159ms
2431 timing reifyNode:node_modules/@babel/plugin-transform-react-jsx-source Completed in 6160ms
2432 timing reifyNode:node_modules/escalade Completed in 6167ms
2433 http fetch GET 200 https://registry.npmjs.org/is-weakmap/-/is-weakmap-2.0.2.tgz 5858ms (cache miss)
2434 timing reifyNode:node_modules/color-convert Completed in 6430ms
2435 http fetch GET 200 https://registry.npmjs.org/is-boolean-object/-/is-boolean-object-1.2.2.tgz 6069ms (cache miss)
2436 timing reifyNode:node_modules/escape-string-regexp Completed in 6546ms
2437 http fetch GET 200 https://registry.npmjs.org/eslint-plugin-react-refresh/-/eslint-plugin-react-refresh-0.4.26.tgz 5652ms (cache miss)
2438 timing reifyNode:node_modules/@babel/core/node_modules/convert-source-map Completed in 6603ms
2439 timing reifyNode:node_modules/has-bigints Completed in 6615ms
2440 timing reifyNode:node_modules/prelude-ls Completed in 6619ms
2441 timing reifyNode:node_modules/js-tokens Completed in 6630ms
2442 http fetch GET 200 https://registry.npmjs.org/@humanwhocodes/object-schema/-/object-schema-2.0.3.tgz 6091ms (cache miss)
2443 http fetch GET 200 https://registry.npmjs.org/babel-plugin-macros/-/babel-plugin-macros-3.1.0.tgz 5843ms (cache miss)
2444 http fetch GET 200 https://registry.npmjs.org/react-is/-/react-is-16.13.1.tgz 5807ms (cache miss)
2445 timing reifyNode:node_modules/@eslint/js Completed in 6735ms
2446 timing reifyNode:node_modules/is-number-object Completed in 6775ms
2447 http fetch GET 200 https://registry.npmjs.org/define-properties/-/define-properties-1.2.1.tgz 6160ms (cache miss)
2448 timing reifyNode:node_modules/is-weakmap Completed in 6777ms
2449 timing reifyNode:node_modules/optionator Completed in 6773ms
2450 timing reifyNode:node_modules/node-releases Completed in 6788ms
2451 timing reifyNode:node_modules/@rolldown/pluginutils Completed in 6792ms
2452 timing reifyNode:node_modules/possible-typed-array-names Completed in 6801ms
2453 timing reifyNode:node_modules/@babel/helper-string-parser Completed in 6798ms
2454 timing reifyNode:node_modules/functions-have-names Completed in 6804ms
2455 timing metavuln:cache:put:security-advisory:vite:tMBsdAS7JBTyRORp0YaJR984WAAsOxgmReSLBN0Nd41GhzEakjROICqAJ31iOdYG5Ijo/MlJ01p3ig1iN88+Tw== Completed in 1347ms
2456 timing metavuln:calculate:security-advisory:vite:jKdCIzePj7J1488qgRXvF8Srh9wutSuR1exB8YooNX62hT+qhtrUXYbArLNoIhgwbaCqKpmduh18syZU7BR9SA== Completed in 1587ms
2457 timing auditReport:init Completed in 5287ms
2458 timing reify:audit Completed in 7222ms
2459 timing reifyNode:node_modules/is-boolean-object Completed in 6820ms
2460 timing reifyNode:node_modules/@babel/code-frame Completed in 6821ms
2461 timing reifyNode:node_modules/eslint-plugin-react-refresh Completed in 6822ms
2462 timing reifyNode:node_modules/react-is Completed in 6829ms
2463 http fetch GET 200 https://registry.npmjs.org/update-browserslist-db/-/update-browserslist-db-1.2.3.tgz 6025ms (cache miss)
2464 timing reifyNode:node_modules/side-channel-weakmap Completed in 6839ms
2465 http fetch GET 200 https://registry.npmjs.org/semver/-/semver-6.3.1.tgz 6013ms (cache miss)
2466 timing reifyNode:node_modules/which-boxed-primitive Completed in 6846ms
2467 http fetch GET 200 https://registry.npmjs.org/is-map/-/is-map-2.0.3.tgz 6401ms (cache miss)
2468 warn deprecated @humanwhocodes/object-schema@2.0.3: Use @eslint/object-schema instead
2469 timing reifyNode:node_modules/@humanwhocodes/object-schema Completed in 6850ms
2470 timing reifyNode:node_modules/babel-plugin-macros Completed in 6850ms
2471 timing reifyNode:node_modules/esutils Completed in 6854ms
2472 timing reifyNode:node_modules/side-channel-map Completed in 6871ms
2473 timing reifyNode:node_modules/is-document.all Completed in 6871ms
2474 timing reifyNode:node_modules/is-generator-function Completed in 6890ms
2475 timing reifyNode:node_modules/has-property-descriptors Completed in 6885ms
2476 timing reifyNode:node_modules/define-properties Completed in 6884ms
2477 http fetch GET 200 https://registry.npmjs.org/chalk/-/chalk-4.1.2.tgz 6079ms (cache miss)
2478 timing reifyNode:node_modules/semver Completed in 6898ms
2479 timing reifyNode:node_modules/is-weakset Completed in 6922ms
2480 timing reifyNode:node_modules/@babel/helper-globals Completed in 6925ms
2481 timing reifyNode:node_modules/update-browserslist-db Completed in 6961ms
2482 http fetch GET 200 https://registry.npmjs.org/is-regex/-/is-regex-1.2.1.tgz 6408ms (cache miss)
2483 timing reifyNode:node_modules/jsesc Completed in 6979ms
2484 timing reifyNode:node_modules/is-map Completed in 6991ms
2485 timing reifyNode:node_modules/chalk Completed in 6984ms
2486 timing reifyNode:node_modules/gensync Completed in 6984ms
2487 timing reifyNode:node_modules/stop-iteration-iterator Completed in 6989ms
2488 timing reifyNode:node_modules/picocolors Completed in 7005ms
2489 timing reifyNode:node_modules/es-set-tostringtag Completed in 7015ms
2490 timing reifyNode:node_modules/json-schema-traverse Completed in 7017ms
2491 timing reifyNode:node_modules/get-intrinsic Completed in 7214ms
2492 http fetch GET 200 https://registry.npmjs.org/is-symbol/-/is-symbol-1.1.1.tgz 6697ms (cache miss)
2493 timing reifyNode:node_modules/safe-regex-test Completed in 7248ms
2494 timing reifyNode:node_modules/safe-push-apply Completed in 7251ms
2495 timing reifyNode:node_modules/typed-array-length Completed in 7252ms
2496 timing reifyNode:node_modules/safe-array-concat Completed in 7252ms
2497 http fetch GET 200 https://registry.npmjs.org/debug/-/debug-4.4.3.tgz 6387ms (cache miss)
2498 timing reifyNode:node_modules/is-callable Completed in 7253ms
2499 timing reifyNode:node_modules/hasown Completed in 7261ms
2500 timing reifyNode:node_modules/find-root Completed in 7263ms
2501 timing reifyNode:node_modules/for-each Completed in 7284ms
2502 timing reifyNode:node_modules/side-channel-list Completed in 7285ms
2503 timing reifyNode:node_modules/side-channel Completed in 7291ms
2504 timing reifyNode:node_modules/own-keys Completed in 7291ms
2505 timing reifyNode:node_modules/is-weakref Completed in 7297ms
2506 timing reifyNode:node_modules/is-regex Completed in 7301ms
2507 timing reifyNode:node_modules/cross-spawn Completed in 7303ms
2508 timing reifyNode:node_modules/is-shared-array-buffer Completed in 7323ms
2509 timing reifyNode:node_modules/is-array-buffer Completed in 7323ms
2510 timing reifyNode:node_modules/debug Completed in 7322ms
2511 http fetch GET 200 https://registry.npmjs.org/which-typed-array/-/which-typed-array-1.1.22.tgz 6774ms (cache miss)
2512 timing reifyNode:node_modules/typed-array-byte-length Completed in 7331ms
2513 http fetch GET 200 https://registry.npmjs.org/object-keys/-/object-keys-1.1.1.tgz 6735ms (cache miss)
2514 http fetch GET 200 https://registry.npmjs.org/define-data-property/-/define-data-property-1.1.4.tgz 6734ms (cache miss)
2515 http fetch GET 200 https://registry.npmjs.org/eslint-plugin-react-hooks/-/eslint-plugin-react-hooks-4.6.2.tgz 6446ms (cache miss)
2516 timing reifyNode:node_modules/unbox-primitive Completed in 7348ms
2517 timing reifyNode:node_modules/is-symbol Completed in 7350ms
2518 timing reifyNode:node_modules/is-date-object Completed in 7353ms
2519 timing reifyNode:node_modules/typed-array-buffer Completed in 7357ms
2520 timing reifyNode:node_modules/typed-array-byte-offset Completed in 7359ms
2521 timing reifyNode:node_modules/eslint-visitor-keys Completed in 7357ms
2522 timing reifyNode:node_modules/data-view-byte-length Completed in 7378ms
2523 timing reifyNode:node_modules/@jridgewell/resolve-uri Completed in 7378ms
2524 timing reifyNode:node_modules/data-view-buffer Completed in 7382ms
2525 timing reifyNode:node_modules/async-function Completed in 7391ms
2526 timing reifyNode:node_modules/es-define-property Completed in 7385ms
2527 timing reifyNode:node_modules/data-view-byte-offset Completed in 7386ms
2528 timing reifyNode:node_modules/array-buffer-byte-length Completed in 7388ms
2529 timing reifyNode:node_modules/available-typed-arrays Completed in 7390ms
2530 timing reifyNode:node_modules/call-bound Completed in 7390ms
2531 http fetch GET 200 https://registry.npmjs.org/doctrine/-/doctrine-3.0.0.tgz 6720ms (cache miss)
2532 timing reifyNode:node_modules/@babel/helper-validator-option Completed in 7396ms
2533 timing reifyNode:node_modules/is-typed-array Completed in 7408ms
2534 timing reifyNode:node_modules/is-negative-zero Completed in 7409ms
2535 timing reifyNode:node_modules/which-typed-array Completed in 7413ms
2536 timing reifyNode:node_modules/generator-function Completed in 7424ms
2537 timing reifyNode:node_modules/object-keys Completed in 7416ms
2538 timing reifyNode:node_modules/define-data-property Completed in 7420ms
2539 timing reifyNode:node_modules/eslint-plugin-react-hooks Completed in 7420ms
2540 timing reifyNode:node_modules/is-data-view Completed in 7437ms
2541 timing reifyNode:node_modules/@types/react-transition-group Completed in 7437ms
2542 timing reifyNode:node_modules/is-string Completed in 7443ms
2543 timing reifyNode:node_modules/reflect.getprototypeof Completed in 7452ms
2544 http fetch GET 200 https://registry.npmjs.org/espree/-/espree-9.6.1.tgz 6795ms (cache miss)
2545 timing reifyNode:node_modules/set-function-length Completed in 7463ms
2546 timing reifyNode:node_modules/doctrine Completed in 7462ms
2547 timing reifyNode:node_modules/fast-deep-equal Completed in 7482ms
2548 timing reifyNode:node_modules/gopd Completed in 7485ms
2549 timing reifyNode:node_modules/es-shim-unscopables Completed in 7486ms
2550 timing reifyNode:node_modules/hoist-non-react-statics Completed in 7488ms
2551 http fetch GET 200 https://registry.npmjs.org/@vitejs/plugin-react/-/plugin-react-4.7.0.tgz 6583ms (cache miss)
2552 timing reifyNode:node_modules/react-refresh Completed in 7491ms
2553 timing reifyNode:node_modules/call-bind Completed in 7505ms
2554 timing reifyNode:node_modules/function-bind Completed in 7507ms
2555 timing reifyNode:node_modules/espree Completed in 7505ms
2556 timing reifyNode:node_modules/@humanwhocodes/module-importer Completed in 7513ms
2557 timing reifyNode:node_modules/clsx Completed in 7518ms
2558 timing reifyNode:node_modules/@babel/helper-validator-identifier Completed in 7518ms
2559 timing reifyNode:node_modules/internal-slot Completed in 7607ms
2560 timing reifyNode:node_modules/is-set Completed in 7621ms
2561 http fetch GET 200 https://registry.npmjs.org/browserslist/-/browserslist-4.28.4.tgz 6829ms (cache miss)
2562 timing reifyNode:node_modules/@vitejs/plugin-react Completed in 7659ms
2563 timing reifyNode:node_modules/dunder-proto Completed in 7669ms
2564 http fetch GET 200 https://registry.npmjs.org/baseline-browser-mapping/-/baseline-browser-mapping-2.10.38.tgz 6861ms (cache miss)
2565 timing reifyNode:node_modules/get-symbol-description Completed in 7675ms
2566 timing reifyNode:node_modules/prop-types/node_modules/react-is Completed in 7693ms
2567 timing reifyNode:node_modules/hoist-non-react-statics/node_modules/react-is Completed in 7693ms
2568 timing reifyNode:node_modules/reusify Completed in 7705ms
2569 timing reifyNode:node_modules/baseline-browser-mapping Completed in 7718ms
2570 timing reifyNode:node_modules/browserslist Completed in 7735ms
2571 http fetch GET 200 https://registry.npmjs.org/string.prototype.trim/-/string.prototype.trim-1.2.11.tgz 7186ms (cache miss)
2572 timing reifyNode:node_modules/set-proto Completed in 7764ms
2573 http fetch GET 200 https://registry.npmjs.org/doctrine/-/doctrine-2.1.0.tgz 6830ms (cache miss)
2574 timing reifyNode:node_modules/string.prototype.repeat Completed in 7769ms
2575 timing reifyNode:node_modules/string.prototype.trim Completed in 7784ms
2576 http fetch GET 200 https://registry.npmjs.org/array.prototype.flat/-/array.prototype.flat-1.3.3.tgz 7263ms (cache miss)
2577 http fetch GET 200 https://registry.npmjs.org/fastq/-/fastq-1.20.1.tgz 7157ms (cache miss)
2578 timing reifyNode:node_modules/string.prototype.trimstart Completed in 7808ms
2579 http fetch GET 200 https://registry.npmjs.org/@babel/helper-module-imports/-/helper-module-imports-7.29.7.tgz 6923ms (cache miss)
2580 http fetch GET 200 https://registry.npmjs.org/flatted/-/flatted-3.4.2.tgz 7294ms (cache miss)
2581 timing reifyNode:node_modules/eslint-plugin-react/node_modules/doctrine Completed in 7834ms
2582 http fetch GET 200 https://registry.npmjs.org/scheduler/-/scheduler-0.23.2.tgz 7339ms (cache miss)
2583 http fetch GET 200 https://registry.npmjs.org/string.prototype.trimend/-/string.prototype.trimend-1.0.10.tgz 7293ms (cache miss)
2584 timing reifyNode:node_modules/array.prototype.flat Completed in 7853ms
2585 timing reifyNode:node_modules/get-proto Completed in 7854ms
2586 timing reifyNode:node_modules/fastq Completed in 7863ms
2587 timing reifyNode:node_modules/has-tostringtag Completed in 7867ms
2588 http fetch GET 200 https://registry.npmjs.org/object.fromentries/-/object.fromentries-2.0.8.tgz 7265ms (cache miss)
2589 timing reifyNode:node_modules/@babel/helper-module-imports Completed in 7878ms
2590 http fetch GET 200 https://registry.npmjs.org/electron-to-chromium/-/electron-to-chromium-1.5.378.tgz 7083ms (cache miss)
2591 timing reifyNode:node_modules/flatted Completed in 7895ms
2592 http fetch GET 200 https://registry.npmjs.org/prop-types/-/prop-types-15.8.1.tgz 7047ms (cache miss)
2593 http fetch GET 200 https://registry.npmjs.org/@eslint-community/regexpp/-/regexpp-4.12.2.tgz 7114ms (cache miss)
2594 timing reifyNode:node_modules/scheduler Completed in 7916ms
2595 http fetch GET 200 https://registry.npmjs.org/source-map-js/-/source-map-js-1.2.1.tgz 7438ms (cache miss)
2596 timing reifyNode:node_modules/has-proto Completed in 7914ms
2597 timing reifyNode:node_modules/string.prototype.trimend Completed in 7916ms
2598 timing reifyNode:node_modules/@emotion/unitless Completed in 7913ms
2599 timing reifyNode:node_modules/arraybuffer.prototype.slice Completed in 7917ms
2600 http fetch GET 200 https://registry.npmjs.org/eslint-scope/-/eslint-scope-7.2.2.tgz 7254ms (cache miss)
2601 timing reifyNode:node_modules/prop-types Completed in 7931ms
2602 http fetch GET 200 https://registry.npmjs.org/@emotion/is-prop-valid/-/is-prop-valid-1.4.0.tgz 7083ms (cache miss)
2603 timing reifyNode:node_modules/object.fromentries Completed in 7934ms
2604 http fetch GET 200 https://registry.npmjs.org/has-symbols/-/has-symbols-1.1.0.tgz 7355ms (cache miss)
2605 timing reifyNode:node_modules/electron-to-chromium Completed in 7941ms
2606 timing reifyNode:node_modules/es-object-atoms Completed in 7952ms
2607 timing reifyNode:node_modules/@eslint-community/regexpp Completed in 7961ms
2608 timing reifyNode:node_modules/source-map-js Completed in 7969ms
2609 timing reifyNode:node_modules/regexp.prototype.flags Completed in 7967ms
2610 timing reifyNode:node_modules/globalthis Completed in 7970ms
2611 timing reifyNode:node_modules/array.prototype.tosorted Completed in 7972ms
2612 timing reifyNode:node_modules/eslint-scope Completed in 7974ms
2613 timing reifyNode:node_modules/@emotion/is-prop-valid Completed in 7982ms
2614 timing reifyNode:node_modules/has-symbols Completed in 7987ms
2615 timing reifyNode:node_modules/text-table Completed in 7992ms
2616 timing reifyNode:node_modules/object.values Completed in 8012ms
2617 http fetch GET 200 https://registry.npmjs.org/array.prototype.findlast/-/array.prototype.findlast-1.2.5.tgz 7388ms (cache miss)
2618 timing reifyNode:node_modules/json-stable-stringify-without-jsonify Completed in 8028ms
2619 http fetch GET 200 https://registry.npmjs.org/array.prototype.flatmap/-/array.prototype.flatmap-1.3.3.tgz 7421ms (cache miss)
2620 timing reifyNode:node_modules/@nodelib/fs.stat Completed in 8047ms
2621 timing reifyNode:node_modules/array-includes Completed in 8050ms
2622 timing reifyNode:node_modules/@babel/compat-data Completed in 8054ms
2623 http fetch GET 200 https://registry.npmjs.org/@eslint-community/eslint-utils/-/eslint-utils-4.9.1.tgz 7383ms (cache miss)
2624 timing reifyNode:node_modules/array.prototype.findlast Completed in 8059ms
2625 http fetch GET 200 https://registry.npmjs.org/acorn/-/acorn-8.17.0.tgz 7514ms (cache miss)
2626 http fetch GET 200 https://registry.npmjs.org/@ungap/structured-clone/-/structured-clone-1.3.2.tgz 7398ms (cache miss)
2627 timing reifyNode:node_modules/array.prototype.flatmap Completed in 8082ms
2628 timing reifyNode:node_modules/@eslint-community/eslint-utils Completed in 8087ms
2629 timing reifyNode:node_modules/string.prototype.matchall Completed in 8094ms
2630 timing reifyNode:node_modules/acorn Completed in 8098ms
2631 timing reifyNode:node_modules/es-abstract-get Completed in 8114ms
2632 timing reifyNode:node_modules/object.entries Completed in 8117ms
2633 timing reifyNode:node_modules/@ungap/structured-clone Completed in 8120ms
2634 http fetch GET 200 https://registry.npmjs.org/@emotion/serialize/-/serialize-1.3.3.tgz 7242ms (cache miss)
2635 timing reifyNode:node_modules/fast-json-stable-stringify Completed in 8140ms
2636 timing reifyNode:node_modules/@emotion/memoize Completed in 8145ms
2637 timing reifyNode:node_modules/@emotion/serialize Completed in 8251ms
2638 timing reifyNode:node_modules/@emotion/sheet Completed in 8257ms
2639 timing reifyNode:node_modules/@babel/helper-compilation-targets Completed in 8262ms
2640 timing reifyNode:node_modules/@emotion/weak-memoize Completed in 8266ms
2641 timing reifyNode:node_modules/@emotion/hash Completed in 8271ms
2642 http fetch GET 200 https://registry.npmjs.org/object.assign/-/object.assign-4.1.7.tgz 7724ms (cache miss)
2643 http fetch GET 200 https://registry.npmjs.org/es-to-primitive/-/es-to-primitive-1.3.1.tgz 7739ms (cache miss)
2644 timing reifyNode:node_modules/call-bind-apply-helpers Completed in 8327ms
2645 http fetch GET 200 https://registry.npmjs.org/@babel/helper-module-transforms/-/helper-module-transforms-7.29.7.tgz 7515ms (cache miss)
2646 timing reifyNode:node_modules/object.assign Completed in 8345ms
2647 timing reifyNode:node_modules/es-to-primitive Completed in 8363ms
2648 http fetch GET 200 https://registry.npmjs.org/stylis/-/stylis-4.2.0.tgz 7484ms (cache miss)
2649 timing reifyNode:node_modules/@babel/helper-module-transforms Completed in 8365ms
2650 timing reifyNode:node_modules/es-errors Completed in 8369ms
2651 timing reifyNode:node_modules/nanoid Completed in 8385ms
2652 timing reifyNode:node_modules/stylis Completed in 8383ms
2653 http fetch GET 200 https://registry.npmjs.org/@babel/template/-/template-7.29.7.tgz 7531ms (cache miss)
2654 timing reifyNode:node_modules/@babel/template Completed in 8426ms
2655 timing reifyNode:node_modules/@emotion/use-insertion-effect-with-fallbacks Completed in 8464ms
2656 http fetch GET 200 https://registry.npmjs.org/@types/react/-/react-19.2.17.tgz 7642ms (cache miss)
2657 http fetch GET 200 https://registry.npmjs.org/@nodelib/fs.scandir/-/fs.scandir-2.1.5.tgz 7846ms (cache miss)
2658 timing reifyNode:node_modules/@emotion/utils Completed in 8501ms
2659 timing reifyNode:node_modules/@types/react Completed in 8516ms
2660 timing reifyNode:node_modules/@nodelib/fs.scandir Completed in 8520ms
2661 timing reifyNode:node_modules/function.prototype.name Completed in 8551ms
2662 http fetch GET 200 https://registry.npmjs.org/json5/-/json5-2.2.3.tgz 7725ms (cache miss)
2663 http fetch GET 200 https://registry.npmjs.org/csstype/-/csstype-3.2.3.tgz 7734ms (cache miss)
2664 timing reifyNode:node_modules/json5 Completed in 8594ms
2665 timing reifyNode:node_modules/csstype Completed in 8600ms
2666 timing reifyNode:node_modules/@nodelib/fs.walk Completed in 8689ms
2667 http fetch GET 200 https://registry.npmjs.org/react/-/react-18.3.1.tgz 7781ms (cache miss)
2668 timing reifyNode:node_modules/react Completed in 8722ms
2669 http fetch GET 200 https://registry.npmjs.org/@emotion/babel-plugin/-/babel-plugin-11.13.5.tgz 7867ms (cache miss)
2670 http fetch GET 200 https://registry.npmjs.org/@jridgewell/sourcemap-codec/-/sourcemap-codec-1.5.5.tgz 7920ms (cache miss)
2671 http fetch GET 200 https://registry.npmjs.org/esquery/-/esquery-1.7.0.tgz 8111ms (cache miss)
2672 timing reifyNode:node_modules/@emotion/babel-plugin Completed in 8788ms
2673 http fetch GET 200 https://registry.npmjs.org/graphemer/-/graphemer-1.4.0.tgz 8138ms (cache miss)
2674 timing reifyNode:node_modules/@jridgewell/sourcemap-codec Completed in 8820ms
2675 timing reifyNode:node_modules/esquery Completed in 8823ms
2676 http fetch GET 200 https://registry.npmjs.org/node-exports-info/-/node-exports-info-1.6.2.tgz 8386ms (cache miss)
2677 timing reifyNode:node_modules/graphemer Completed in 8869ms
2678 timing reifyNode:node_modules/node-exports-info Completed in 8925ms
2679 http fetch GET 200 https://registry.npmjs.org/object-inspect/-/object-inspect-1.13.4.tgz 8937ms (cache miss)
2680 http fetch GET 200 https://registry.npmjs.org/@jridgewell/remapping/-/remapping-2.3.5.tgz 8951ms (cache miss)
2681 timing reifyNode:node_modules/object-inspect Completed in 9775ms
2682 http fetch GET 200 https://registry.npmjs.org/source-map/-/source-map-0.5.7.tgz 8896ms (cache miss)
2683 http fetch GET 200 https://registry.npmjs.org/@jridgewell/gen-mapping/-/gen-mapping-0.3.13.tgz 8950ms (cache miss)
2684 timing reifyNode:node_modules/source-map Completed in 9816ms
2685 timing reifyNode:node_modules/@jridgewell/remapping Completed in 9820ms
2686 timing reifyNode:node_modules/@jridgewell/gen-mapping Completed in 9851ms
2687 http fetch GET 200 https://registry.npmjs.org/@rollup/rollup-win32-x64-gnu/-/rollup-win32-x64-gnu-4.62.2.tgz 9395ms (cache miss)
2688 timing reifyNode:node_modules/@rollup/rollup-win32-x64-gnu Completed in 9874ms
2689 timing reifyNode:node_modules/math-intrinsics Completed in 9997ms
2690 http fetch GET 200 https://registry.npmjs.org/type-fest/-/type-fest-0.20.2.tgz 9824ms (cache miss)
2691 http fetch GET 200 https://registry.npmjs.org/@eslint/eslintrc/-/eslintrc-2.1.4.tgz 9820ms (cache miss)
2692 timing reifyNode:node_modules/type-fest Completed in 10498ms
2693 timing reifyNode:node_modules/@eslint/eslintrc Completed in 10554ms
2694 http fetch GET 200 https://registry.npmjs.org/@babel/parser/-/parser-7.29.7.tgz 10677ms (cache miss)
2695 timing reifyNode:node_modules/@babel/parser Completed in 12102ms
2696 http fetch GET 200 https://registry.npmjs.org/cosmiconfig/-/cosmiconfig-7.1.0.tgz 12016ms (cache miss)
2697 http fetch GET 200 https://registry.npmjs.org/react-transition-group/-/react-transition-group-4.4.5.tgz 11984ms (cache miss)
2698 http fetch GET 200 https://registry.npmjs.org/@rollup/rollup-win32-x64-msvc/-/rollup-win32-x64-msvc-4.62.2.tgz 12744ms (cache miss)
2699 timing reifyNode:node_modules/@rollup/rollup-win32-x64-msvc Completed in 13225ms
2700 timing reifyNode:node_modules/cosmiconfig Completed in 13524ms
2701 timing reifyNode:node_modules/react-transition-group Completed in 13936ms
2702 http fetch GET 200 https://registry.npmjs.org/@emotion/cache/-/cache-11.14.0.tgz 13054ms (cache miss)
2703 timing reifyNode:node_modules/@emotion/cache Completed in 13979ms
2704 http fetch GET 200 https://registry.npmjs.org/@mui/styled-engine/-/styled-engine-5.18.0.tgz 13285ms (cache miss)
2705 timing reifyNode:node_modules/@mui/styled-engine Completed in 14159ms
2706 http fetch GET 200 https://registry.npmjs.org/js-yaml/-/js-yaml-4.2.0.tgz 13616ms (cache miss)
2707 timing reifyNode:node_modules/js-yaml Completed in 14307ms
2708 http fetch GET 200 https://registry.npmjs.org/postcss/-/postcss-8.5.15.tgz 13888ms (cache miss)
2709 timing reifyNode:node_modules/postcss Completed in 14405ms
2710 http fetch GET 200 https://registry.npmjs.org/uri-js/-/uri-js-4.4.1.tgz 13911ms (cache miss)
2711 http fetch GET 200 https://registry.npmjs.org/@babel/generator/-/generator-7.29.7.tgz 13667ms (cache miss)
2712 http fetch GET 200 https://registry.npmjs.org/@jridgewell/trace-mapping/-/trace-mapping-0.3.31.tgz 13691ms (cache miss)
2713 timing reifyNode:node_modules/uri-js Completed in 14568ms
2714 timing reifyNode:node_modules/@jridgewell/trace-mapping Completed in 14572ms
2715 timing reifyNode:node_modules/@babel/generator Completed in 14573ms
2716 http fetch GET 200 https://registry.npmjs.org/@mui/private-theming/-/private-theming-5.17.1.tgz 13740ms (cache miss)
2717 timing reifyNode:node_modules/@mui/private-theming Completed in 14602ms
2718 http fetch GET 200 https://registry.npmjs.org/yaml/-/yaml-1.10.3.tgz 14111ms (cache miss)
2719 timing reifyNode:node_modules/yaml Completed in 14926ms
2720 http fetch GET 200 https://registry.npmjs.org/rollup/-/rollup-4.62.2.tgz 14523ms (cache miss)
2721 timing reifyNode:node_modules/rollup Completed in 15024ms
2722 http fetch GET 200 https://registry.npmjs.org/@babel/traverse/-/traverse-7.29.7.tgz 14399ms (cache miss)
2723 timing reifyNode:node_modules/@babel/traverse Completed in 15295ms
2724 http fetch GET 200 https://registry.npmjs.org/@emotion/styled/-/styled-11.14.1.tgz 14563ms (cache miss)
2725 timing reifyNode:node_modules/@emotion/styled Completed in 15506ms
2726 http fetch GET 200 https://registry.npmjs.org/vite/-/vite-5.4.21.tgz 15040ms (cache miss)
2727 timing reifyNode:node_modules/vite Completed in 16026ms
2728 http fetch GET 200 https://registry.npmjs.org/ajv/-/ajv-6.15.0.tgz 15744ms (cache miss)
2729 timing reifyNode:node_modules/ajv Completed in 16427ms
2730 http fetch GET 200 https://registry.npmjs.org/react-dom/-/react-dom-18.3.1.tgz 15527ms (cache miss)
2731 timing reifyNode:node_modules/react-dom Completed in 16439ms
2732 http fetch GET 200 https://registry.npmjs.org/jsx-ast-utils/-/jsx-ast-utils-3.3.5.tgz 15834ms (cache miss)
2733 timing reifyNode:node_modules/jsx-ast-utils Completed in 16460ms
2734 http fetch GET 200 https://registry.npmjs.org/resolve/-/resolve-1.22.12.tgz 16665ms (cache miss)
2735 timing reifyNode:node_modules/resolve Completed in 17503ms
2736 http fetch GET 200 https://registry.npmjs.org/resolve/-/resolve-2.0.0-next.7.tgz 16836ms (cache miss)
2737 timing reifyNode:node_modules/eslint-plugin-react/node_modules/resolve Completed in 17773ms
2738 http fetch GET 200 https://registry.npmjs.org/es-iterator-helpers/-/es-iterator-helpers-1.3.3.tgz 17190ms (cache miss)
2739 timing reifyNode:node_modules/es-iterator-helpers Completed in 17819ms
2740 http fetch GET 200 https://registry.npmjs.org/@babel/core/-/core-7.29.7.tgz 17021ms (cache miss)
2741 timing reifyNode:node_modules/@babel/core Completed in 17885ms
2742 http fetch GET 200 https://registry.npmjs.org/@esbuild/win32-x64/-/win32-x64-0.21.5.tgz 17829ms (cache miss)
2743 timing reifyNode:node_modules/@esbuild/win32-x64 Completed in 18324ms
2744 http fetch GET 200 https://registry.npmjs.org/@emotion/react/-/react-11.14.0.tgz 17409ms (cache miss)
2745 timing reifyNode:node_modules/@emotion/react Completed in 18328ms
2746 http fetch GET 200 https://registry.npmjs.org/@babel/types/-/types-7.29.7.tgz 18654ms (cache miss)
2747 timing reifyNode:node_modules/@babel/types Completed in 19551ms
2748 http fetch GET 200 https://registry.npmjs.org/@babel/runtime/-/runtime-7.29.7.tgz 18791ms (cache miss)
2749 timing reifyNode:node_modules/@babel/runtime Completed in 19693ms
2750 http fetch GET 200 https://registry.npmjs.org/@babel/helpers/-/helpers-7.29.7.tgz 19317ms (cache miss)
2751 timing reifyNode:node_modules/@babel/helpers Completed in 20158ms
2752 http fetch GET 200 https://registry.npmjs.org/dom-helpers/-/dom-helpers-5.2.1.tgz 19862ms (cache miss)
2753 timing reifyNode:node_modules/dom-helpers Completed in 20381ms
2754 http fetch GET 200 https://registry.npmjs.org/@popperjs/core/-/core-2.11.8.tgz 19801ms (cache miss)
2755 timing reifyNode:node_modules/@popperjs/core Completed in 20653ms
2756 http fetch GET 200 https://registry.npmjs.org/eslint-plugin-react/-/eslint-plugin-react-7.37.5.tgz 20904ms (cache miss)
2757 timing reifyNode:node_modules/eslint-plugin-react Completed in 21804ms
2758 http fetch GET 200 https://registry.npmjs.org/@mui/system/-/system-5.18.0.tgz 21211ms (cache miss)
2759 timing reifyNode:node_modules/@mui/system Completed in 22069ms
2760 http fetch GET 200 https://registry.npmjs.org/eslint/-/eslint-8.57.1.tgz 21375ms (cache miss)
2761 warn deprecated eslint@8.57.1: This version is no longer supported. Please see https://eslint.org/version-support for other options.
2762 timing reifyNode:node_modules/eslint Completed in 22277ms
2763 http fetch GET 200 https://registry.npmjs.org/@fontsource/inter/-/inter-5.2.8.tgz 22013ms (cache miss)
2764 timing reifyNode:node_modules/@fontsource/inter Completed in 22915ms
2765 http fetch GET 200 https://registry.npmjs.org/@mui/utils/-/utils-5.17.1.tgz 22702ms (cache miss)
2766 timing reifyNode:node_modules/@mui/utils Completed in 23591ms
2767 http fetch GET 200 https://registry.npmjs.org/caniuse-lite/-/caniuse-lite-1.0.30001799.tgz 24122ms (cache miss)
2768 timing reifyNode:node_modules/caniuse-lite Completed in 24935ms
